Sample ID,SiO2,Si_err,Al2O3,Al_err,MgO,Mg_err,Na2O,Na_err,F,F_err,CaO,Ca_err,Cl,Cl_err,SO3,S_err,P2O5,P_err,Cr2O3,Cr_err,MnO,Mn_err,FeO,Fe_err,K2O,K_err,TiO2,Ti_err,Total,Si(L-value),Al(L-value),Mg(L-value),Na(L-value),Na(L-value),F(L-value),Na(L-value),Ca(L-value),Cl(L-value),S(L-value),P(L-value),Cr(L-value),Mn(L-value),Fe(L-value),Current
NIST610 1,69.2156,0.39,1.8374,1.83,0.0804,15.76,13.2479,1.77,0,NA,11.3137,0.58,0.0278,43.66,0.11,36.54,0.0799,30.30,0.1178,23.59,0.0689,29.96,0.0668,29.15,0.0661,13.52,0.0668,18.80,96.2991,77.3,90.626,107.569,129.363,129.363,199.073,129.363,107.584,151.452,172.03,197.034,159.267,146.078,134.55,10.01
NIST610 2,69.1795,0.39,1.9756,1.76,0.0784,16.11,13.3785,1.76,0.1549,63.47,11.3281,0.58,0.0422,30.13,0.1207,33.64,0.1265,20.40,0.0523,49.43,0.0786,26.54,0.0596,32.39,0.0546,15.91,0.0559,22.21,96.6854,77.3,90.626,107.569,129.363,129.363,199.073,129.363,107.584,151.452,172.03,197.034,159.267,146.078,134.55,10.01
BCR2G 1,53.9352,0.44,13.7799,0.62,3.5847,1.21,3.1908,3.67,0.0727,125.84,7.0974,0.74,0.0067,167.70,0.0592,64.53,0.3953,8.49,0.011,223.23,0.2101,11.25,12.7666,0.85,1.7194,1.55,2.1326,1.36,98.9616,77.3,90.626,107.569,129.363,129.363,199.073,129.363,107.584,151.452,172.03,197.034,159.267,146.078,134.55,10.02
BHVO2G 1,50.0019,0.46,13.7159,0.62,7.0181,0.85,2.2433,4.42,0.2352,44.46,11.1893,0.58,0.0251,47.91,0.0252,146.03,0.2569,11.61,0.0333,75.87,0.1801,12.79,11.2987,0.90,0.4949,3.15,2.654,1.20,99.3719,77.3,90.626,107.569,129.363,129.363,199.073,129.363,107.584,151.452,172.03,197.034,159.267,146.078,134.55,10.01
VGA99 1,51.2033,0.45,12.4069,0.66,5.0792,1.00,2.7032,4.00,0,NA,9.1529,0.65,0.0279,43.52,0.0233,157.60,0.3964,8.48,0.0299,84.14,0.2083,11.33,13.6607,0.82,0.8031,2.37,3.9491,0.96,99.6442,77.3,90.626,107.569,129.363,129.363,199.073,129.363,107.584,151.452,172.03,197.034,159.267,146.078,134.55,10.01
ATHOG 1,75.4986,0.37,12.2716,0.66,0.1012,12.91,3.5897,3.45,0,NA,1.7084,1.62,0.0496,26.21,0,NA,0.0181,121.09,0,NA,0.1073,20.03,3.4388,1.69,2.6322,1.24,0.2225,6.51,99.638,77.3,90.626,107.569,129.363,129.363,199.073,129.363,107.584,151.452,172.03,197.034,159.267,146.078,134.55,10.01
HHPST_glass 1,57.5662,0.43,16.2372,0.57,3.5539,1.21,3.5275,3.48,0,NA,7.1681,0.74,0.0568,23.37,0.0447,84.14,0.4074,8.31,0.008,305.74,0.1616,14.01,6.9331,1.16,1.8096,1.51,0.8717,2.37,98.3458,77.3,90.626,107.569,129.363,129.363,199.073,129.363,107.584,151.452,172.03,197.034,159.267,146.078,134.55,10.01
HHPST_glass 2,58.8755,0.42,16.2424,0.57,3.5149,1.22,3.6023,3.44,0,NA,7.1483,0.74,0.0313,39.23,0.0664,57.97,0.3685,8.92,0,NA,0.1464,15.25,7.0581,1.15,1.8241,1.50,0.8306,2.44,99.7088,77.3,90.626,107.569,129.363,129.363,199.073,129.363,107.584,151.452,172.03,197.034,159.267,146.078,134.55,10
HHPST_glass 3,57.5925,0.43,15.8793,0.58,3.5223,1.22,3.4477,3.52,0.162,61.04,6.9615,0.75,0.0303,40.39,0.0461,81.71,0.3572,9.12,0.0192,129.26,0.1386,15.99,7.0332,1.15,1.8978,1.47,0.835,2.43,97.9227,77.3,90.626,107.569,129.363,129.363,199.073,129.363,107.584,151.452,172.03,197.034,159.267,146.078,134.55,10
HHPST_glass 4,57.082,0.43,15.7885,0.58,3.422,1.24,3.4629,3.51,0.2117,48.55,7.0483,0.74,0.0424,30.01,0.0477,79.10,0.3501,9.25,0.0032,759.47,0.1789,12.86,6.9186,1.16,1.8593,1.49,0.8158,2.47,97.2314,77.3,90.626,107.569,129.363,129.363,199.073,129.363,107.584,151.452,172.03,197.034,159.267,146.078,134.55,10.01
HHPST_glass 5,58.7056,0.42,15.9808,0.58,3.4978,1.22,3.6329,3.43,0,NA,6.9897,0.75,0.0396,31.85,0.0586,65.15,0.4188,8.16,0,NA,0.1058,20.28,7.2112,1.14,1.8116,1.51,0.8486,2.41,99.301,77.3,90.626,107.569,129.363,129.363,199.073,129.363,107.584,151.452,172.03,197.034,159.267,146.078,134.55,10.01
HHPST_glass 6,58.065,0.43,16.2756,0.57,3.4533,1.23,3.5885,3.45,0,NA,6.8853,0.75,0.0353,35.25,0.0542,70.11,0.39,8.57,0,NA,0.1568,14.38,7.2953,1.13,1.8774,1.48,0.8791,2.35,98.9558,77.3,90.626,107.569,129.363,129.363,199.073,129.363,107.584,151.452,172.03,197.034,159.267,146.078,134.55,10.01
HHPST_glass 7,59.1052,0.42,16.2077,0.57,3.4395,1.23,3.7952,3.35,0.2736,39.26,6.9376,0.75,0.0349,35.60,0.0555,68.56,0.4214,8.12,0,NA,0.1502,14.92,7.0673,1.15,1.8854,1.48,0.8606,2.39,100.2341,77.3,90.626,107.569,129.363,129.363,199.073,129.363,107.584,151.452,172.03,197.034,159.267,146.078,134.55,10
HHPST_glass 8,57.8476,0.43,16.0505,0.58,3.5593,1.21,3.5164,3.49,0.1623,60.94,6.9726,0.75,0.0394,31.99,0.0716,54.05,0.4081,8.30,0.0144,171.28,0.1724,13.27,6.8323,1.17,1.8498,1.49,0.8472,2.41,98.3439,77.3,90.626,107.569,129.363,129.363,199.073,129.363,107.584,151.452,172.03,197.034,159.267,146.078,134.55,10
HHPST_glass 9,57.9222,0.43,16.2909,0.57,3.6043,1.20,3.5487,3.47,0,NA,7.0773,0.74,0.0254,47.39,0.0308,120.24,0.3752,8.81,0,NA,0.1493,15.00,6.9265,1.16,1.8252,1.50,0.8362,2.43,98.612,77.3,90.626,107.569,129.363,129.363,199.073,129.363,107.584,151.452,172.03,197.034,159.267,146.078,134.55,10
HHPST_glass 10,57.6373,0.43,16.2098,0.57,3.5743,1.21,3.525,3.48,0.0374,236.32,7.0634,0.74,0.0483,26.82,0.0813,48.07,0.4189,8.16,0,NA,0.183,12.62,7.1433,1.14,1.8244,1.50,0.8643,2.38,98.6107,77.3,90.626,107.569,129.363,129.363,199.073,129.363,107.584,151.452,172.03,197.034,159.267,146.078,134.55,10
HHPST_glass 11,56.9967,0.43,16.0462,0.58,3.5884,1.21,3.5018,3.49,0.0249,350.45,7.0316,0.74,0.0313,39.23,0.0541,70.23,0.414,8.22,0.032,78.82,0.1337,16.50,7.0547,1.15,1.7665,1.53,0.869,2.37,97.5449,77.3,90.626,107.569,129.363,129.363,199.073,129.363,107.584,151.452,172.03,197.034,159.267,146.078,134.55,10.01
HHPST_glass 12,58.4759,0.42,16.2494,0.57,3.6323,1.20,3.4737,3.51,0.0624,145.18,7.1709,0.74,0.0197,59.89,0.1807,23.70,0.4229,8.10,0.0016,1515.69,0.151,14.85,7.1131,1.15,1.8084,1.51,0.8696,2.37,99.6316,77.3,90.626,107.569,129.363,129.363,199.073,129.363,107.584,151.452,172.03,197.034,159.267,146.078,134.55,10.01
HHPST_glass 13,58.9364,0.42,15.9793,0.58,3.4181,1.24,3.5511,3.47,0,NA,7.01,0.75,0.0331,37.32,0.0654,58.79,0.4543,7.71,0,NA,0.1626,13.94,6.8587,1.17,1.7981,1.51,0.8551,2.40,99.1222,77.3,90.626,107.569,129.363,129.363,199.073,129.363,107.584,151.452,172.03,197.034,159.267,146.078,134.55,10.01
HHPST_glass 14,58.1677,0.43,16.2925,0.57,3.6249,1.20,3.5324,3.48,0.1121,84.58,7.178,0.74,0.0266,45.44,0.0988,40.25,0.3128,10.04,0,NA,0.1597,14.16,7.1061,1.15,1.7629,1.53,0.8896,2.34,99.2641,77.3,90.626,107.569,129.363,129.363,199.073,129.363,107.584,151.452,172.03,197.034,159.267,146.078,134.55,10.01
HHPST_glass 15,57.7616,0.43,16.0853,0.57,3.4907,1.22,3.4899,3.50,0,NA,7.1983,0.74,0.0197,59.89,0.0837,46.81,0.3814,8.71,0.0256,97.74,0.1666,13.66,7.1363,1.15,1.7471,1.54,0.9092,2.30,98.4954,77.3,90.626,107.569,129.363,129.363,199.073,129.363,107.584,151.452,172.03,197.034,159.267,146.078,134.55,10
HHPST_glass 16,58.2959,0.42,16.1382,0.57,3.6042,1.20,3.5681,3.46,0.0998,93.98,7.0771,0.74,0.0398,31.71,0.0502,75.37,0.4236,8.09,0,NA,0.1551,14.51,7.0977,1.15,1.7794,1.52,0.8537,2.40,99.1828,77.3,90.626,107.569,129.363,129.363,199.073,129.363,107.584,151.452,172.03,197.034,159.267,146.078,134.55,10
HHPST_glass 17,57.1757,0.43,15.9684,0.58,3.4179,1.24,3.4199,3.54,0,NA,6.8561,0.75,0.027,44.83,0.0189,193.31,0.3553,9.16,0,NA,0.1647,13.79,7.0176,1.16,1.8953,1.47,0.8479,2.41,97.1647,77.3,90.626,107.569,129.363,129.363,199.073,129.363,107.584,151.452,172.03,197.034,159.267,146.078,134.55,9.99
HHPST_glass 18,56.8958,0.43,15.9928,0.58,3.3988,1.24,3.3014,3.60,0.0626,144.74,6.9963,0.75,0.0297,41.13,0.0446,84.32,0.4632,7.61,0.0545,47.56,0.1204,18.09,6.8274,1.17,1.838,1.50,0.8827,2.35,96.9082,77.3,90.626,107.569,129.363,129.363,199.073,129.363,107.584,151.452,172.03,197.034,159.267,146.078,134.55,10
HHPST_glass 19,56.1399,0.43,15.8711,0.58,3.481,1.23,3.3647,3.57,0,NA,7.2104,0.73,0.0411,30.83,0.0649,59.21,0.3789,8.75,0,NA,0.1579,14.29,7.0906,1.15,1.7096,1.55,0.8182,2.47,96.3283,77.3,90.626,107.569,129.363,129.363,199.073,129.363,107.584,151.452,172.03,197.034,159.267,146.078,134.55,10
HHPST_glass 20,58.7586,0.42,16.1832,0.57,3.6394,1.20,3.4285,3.53,0,NA,7.2093,0.73,0.0307,39.92,0.06,63.72,0.3481,9.29,0.0016,1515.69,0.1645,13.80,7.3153,1.13,1.7938,1.52,0.9287,2.27,99.8617,77.3,90.626,107.569,129.363,129.363,199.073,129.363,107.584,151.452,172.03,197.034,159.267,146.078,134.55,10.01
HHPST_glass 21,59.042,0.42,16.1241,0.57,3.622,1.20,3.477,3.51,0.0873,106.22,7.1236,0.74,0.0265,45.60,0.0143,254.13,0.4809,7.42,0,NA,0.1338,16.49,7.2318,1.14,1.7865,1.52,0.9196,2.28,100.0694,77.3,90.626,107.569,129.363,129.363,199.073,129.363,107.584,151.452,172.03,197.034,159.267,146.078,134.55,10
NIST610 3,69.2316,0.39,1.9714,1.76,0.0674,18.42,13.369,1.76,0.1551,63.40,11.3139,0.58,0.0438,29.17,0.0909,43.41,0.1356,19.25,0.0328,76.98,0.0641,32.03,0.0642,30.23,0.0288,28.13,0.0921,14.00,96.6607,77.3,90.626,107.569,129.363,129.363,199.073,129.363,107.584,151.452,172.03,197.034,159.267,146.078,134.55,10
NIST610 4,69.678,0.39,1.9246,1.79,0.0961,13.49,13.2928,1.77,0.1165,81.70,11.2997,0.58,0.0377,33.26,0.1653,25.57,0.1224,20.97,0.059,44.16,0.0224,87.30,0.0624,31.04,0.0472,18.06,0.0755,16.79,96.9996,77.3,90.626,107.569,129.363,129.363,199.073,129.363,107.584,151.452,172.03,197.034,159.267,146.078,134.55,9.99
BCR2G 2,54.0664,0.44,13.674,0.62,3.4331,1.23,3.1807,3.67,0.0365,241.93,7.1355,0.74,0.0242,49.54,0.0497,76.08,0.353,9.20,0.0158,156.39,0.2232,10.70,12.8981,0.84,1.6525,1.58,2.2352,1.33,98.9779,77.3,90.626,107.569,129.363,129.363,199.073,129.363,107.584,151.452,172.03,197.034,159.267,146.078,134.55,9.99
BHVO2G 2,50.0196,0.46,13.5427,0.63,7.1245,0.84,2.2877,4.37,0,NA,11.2959,0.58,0.0192,61.34,0,NA,0.2791,10.91,0.0731,36.23,0.1758,13.05,11.3091,0.90,0.4596,3.30,2.6491,1.20,99.2354,77.3,90.626,107.569,129.363,129.363,199.073,129.363,107.584,151.452,172.03,197.034,159.267,146.078,134.55,9.99
VGA99 2,50.8388,0.46,12.4398,0.66,5.0596,1.01,2.9059,3.85,0.0123,700.13,9.1351,0.65,0.0283,42.96,0.0472,79.90,0.4812,7.42,0,NA,0.2259,10.60,13.6017,0.82,0.7503,2.46,3.9368,0.97,99.4629,77.3,90.626,107.569,129.363,129.363,199.073,129.363,107.584,151.452,172.03,197.034,159.267,146.078,134.55,9.99
ATHOG 2,75.2477,0.37,12.4178,0.66,0.1018,12.84,3.5286,3.48,0,NA,1.62,1.67,0.0404,31.30,0.0328,113.16,0.05,46.26,0,NA,0.0949,22.36,3.4306,1.69,2.5625,1.25,0.2489,5.94,99.376,77.3,90.626,107.569,129.363,129.363,199.073,129.363,107.584,151.452,172.03,197.034,159.267,146.078,134.55,9.99
HHPST_glass 22,58.1642,0.43,16.3613,0.57,3.4287,1.24,3.5205,3.48,0.0625,144.96,6.9824,0.75,0.0213,55.71,0.0243,151.29,0.4064,8.33,0.0128,192.29,0.1648,13.78,6.9923,1.16,1.835,1.50,0.8296,2.45,98.8061,77.3,90.626,107.569,129.363,129.363,199.073,129.363,107.584,151.452,172.03,197.034,159.267,146.078,134.55,9.99
HHPST_glass 23,59.1922,0.42,16.5074,0.57,3.5992,1.20,3.5636,3.46,0,NA,6.9069,0.75,0.0404,31.30,0.0592,64.53,0.4999,7.23,0,NA,0.1583,14.26,6.9542,1.16,1.8679,1.48,0.8312,2.44,100.1804,77.3,90.626,107.569,129.363,129.363,199.073,129.363,107.584,151.452,172.03,197.034,159.267,146.078,134.55,9.98
HHPST_glass 24,57.2455,0.43,16.1087,0.57,3.5382,1.21,3.5073,3.49,0,NA,6.9211,0.75,0.018,65.15,0,NA,0.4045,8.36,0,NA,0.1602,14.12,7.2802,1.13,1.8025,1.51,0.8622,2.38,97.8484,77.3,90.626,107.569,129.363,129.363,199.073,129.363,107.584,151.452,172.03,197.034,159.267,146.078,134.55,9.98
HHPST_glass 25,56.7527,0.43,15.9858,0.58,3.5908,1.21,3.6205,3.43,0,NA,7.1842,0.74,0.0373,33.57,0.0713,54.26,0.4107,8.27,0.0305,82.54,0.1901,12.22,7.1326,1.15,1.7095,1.55,0.8613,2.39,97.5773,77.3,90.626,107.569,129.363,129.363,199.073,129.363,107.584,151.452,172.03,197.034,159.267,146.078,134.55,9.98
HHPST_glass 26,58.9729,0.42,16.2207,0.57,3.6158,1.20,3.6244,3.43,0,NA,7.0825,0.74,0.0236,50.69,0.0659,58.38,0.3954,8.49,0.0273,91.85,0.162,13.98,7.1415,1.14,1.8901,1.47,0.91,2.30,100.1321,77.3,90.626,107.569,129.363,129.363,199.073,129.363,107.584,151.452,172.03,197.034,159.267,146.078,134.55,9.99
HHPST_glass 27,58.6598,0.42,15.82,0.58,3.478,1.23,3.5009,3.49,0.1622,60.97,6.9287,0.75,0.0293,41.63,0.0424,88.48,0.4725,7.51,0.0048,507.40,0.1368,16.18,7.0081,1.16,1.8532,1.49,0.8508,2.40,98.9475,77.3,90.626,107.569,129.363,129.363,199.073,129.363,107.584,151.452,172.03,197.034,159.267,146.078,134.55,9.99
HHPST_glass 28,58.08,0.43,16.2637,0.57,3.5087,1.22,3.6501,3.42,0,NA,7.1316,0.74,0.0178,65.83,0.0733,52.89,0.3949,8.50,0,NA,0.1387,15.98,7.0282,1.15,1.7849,1.52,0.8932,2.33,98.9651,77.3,90.626,107.569,129.363,129.363,199.073,129.363,107.584,151.452,172.03,197.034,159.267,146.078,134.55,10
HHPST_glass 29,57.0679,0.43,16.1794,0.57,3.5923,1.20,3.4797,3.51,0,NA,7.1637,0.74,0.0328,37.62,0.0732,52.95,0.4411,7.87,0,NA,0.1629,13.92,7.1588,1.14,1.8014,1.51,0.82,2.46,97.9732,77.3,90.626,107.569,129.363,129.363,199.073,129.363,107.584,151.452,172.03,197.034,159.267,146.078,134.55,9.99
PRISPST_glass 30,52.4539,0.45,16.747,0.56,4.7399,1.04,3.3485,3.58,0,NA,7.9734,0.70,0.0279,43.52,0.067,57.48,0.3438,9.37,0,NA,0.1788,12.86,9.9554,0.96,1.3432,1.77,1.0626,2.08,98.2414,77.3,90.626,107.569,129.363,129.363,199.073,129.363,107.584,151.452,172.03,197.034,159.267,146.078,134.55,9.99
PRISPST_glass 31,53.2185,0.44,16.9694,0.56,4.6815,1.05,3.3017,3.60,0.2082,49.23,7.9161,0.70,0.0298,41.00,0.0443,84.86,0.403,8.38,0.0286,87.82,0.1932,12.06,9.8613,0.97,1.3467,1.77,1.0885,2.05,99.2908,77.3,90.626,107.569,129.363,129.363,199.073,129.363,107.584,151.452,172.03,197.034,159.267,146.078,134.55,9.99
PRISPST_glass 32,52.8462,0.45,16.776,0.56,4.7835,1.04,3.3136,3.60,0,NA,8.0887,0.69,0.032,38.46,0,NA,0.4312,7.99,0.0334,75.65,0.1778,12.92,9.8379,0.97,1.3012,1.80,1.1968,1.93,98.8183,77.3,90.626,107.569,129.363,129.363,199.073,129.363,107.584,151.452,172.03,197.034,159.267,146.078,134.55,9.99
PRISPST_glass 33,52.9048,0.45,16.8502,0.56,4.7228,1.04,3.344,3.58,0.0245,356.03,7.9718,0.70,0.033,37.42,0.0918,43.02,0.2714,11.14,0,NA,0.1719,13.30,9.8507,0.97,1.3632,1.76,1.0728,2.07,98.6729,77.3,90.626,107.569,129.363,129.363,199.073,129.363,107.584,151.452,172.03,197.034,159.267,146.078,134.55,9.99
PRISPST_glass 34,53.2952,0.44,17.1353,0.56,4.6419,1.05,3.3529,3.57,0.2081,49.25,8.0385,0.69,0.0632,21.38,0.0561,67.87,0.3346,9.56,0,NA,0.1747,13.12,9.8374,0.97,1.4546,1.70,1.1099,2.02,99.7024,77.3,90.626,107.569,129.363,129.363,199.073,129.363,107.584,151.452,172.03,197.034,159.267,146.078,134.55,10
PRISPST_glass 35,52.6552,0.45,17.2554,0.55,4.6814,1.05,3.2122,3.66,0.2442,43.10,7.888,0.70,0.0131,87.91,0.0329,112.83,0.2601,11.50,0.027,92.84,0.1668,13.64,9.7787,0.97,1.3901,1.74,1.0721,2.07,98.6772,77.3,90.626,107.569,129.363,129.363,199.073,129.363,107.584,151.452,172.03,197.034,159.267,146.078,134.55,10.01
PRISPST_glass 36,52.2371,0.45,16.9486,0.56,4.6072,1.06,3.3948,3.55,0.0977,95.82,8.0299,0.69,0.0449,28.55,0,NA,0.3234,9.80,0,NA,0.1765,13.00,10.0643,0.96,1.368,1.75,1.0905,2.05,98.3829,77.3,90.626,107.569,129.363,129.363,199.073,129.363,107.584,151.452,172.03,197.034,159.267,146.078,134.55,10
PRISPST_glass 37,52.148,0.45,16.7993,0.56,4.6902,1.05,3.1908,3.67,0,NA,7.9683,0.70,0.0321,38.36,0,NA,0.3195,9.88,0,NA,0.1411,15.75,9.8098,0.97,1.3636,1.76,1.0537,2.09,97.5164,77.3,90.626,107.569,129.363,129.363,199.073,129.363,107.584,151.452,172.03,197.034,159.267,146.078,134.55,10
PRISPST_glass 38,53.4835,0.44,16.7666,0.56,4.677,1.05,3.2654,3.62,0,NA,7.8958,0.70,0.0429,29.70,0.0326,113.83,0.2913,10.57,0.0175,141.51,0.171,13.36,9.7123,0.98,1.4977,1.67,1.0553,2.09,98.9089,77.3,90.626,107.569,129.363,129.363,199.073,129.363,107.584,151.452,172.03,197.034,159.267,146.078,134.55,9.99
PRISPST_glass 39,52.4995,0.45,16.8431,0.56,4.6947,1.05,3.28,3.62,0.1592,61.97,7.9389,0.70,0.045,28.50,0.0162,224.82,0.3088,10.13,0.0238,104.89,0.1778,12.92,9.8596,0.97,1.3963,1.74,1.0653,2.08,98.3082,77.3,90.626,107.569,129.363,129.363,199.073,129.363,107.584,151.452,172.03,197.034,159.267,146.078,134.55,9.99
PRISPST_glass 40,52.9388,0.45,16.6752,0.56,4.6401,1.05,3.1788,3.68,0.0123,700.13,7.9632,0.70,0.0417,30.45,0.0254,144.92,0.3394,9.46,0.0493,52.25,0.2153,11.02,9.7167,0.98,1.3854,1.74,1.1239,2.01,98.3055,77.3,90.626,107.569,129.363,129.363,199.073,129.363,107.584,151.452,172.03,197.034,159.267,146.078,134.55,9.99
NIST610 5,68.3839,0.39,1.8547,1.82,0.0841,15.15,13.3083,1.77,0.181,55.46,11.294,0.58,0.0366,34.14,0.1221,33.30,0.1467,18.04,0.0573,45.38,0.0593,34.44,0.0407,46.35,0.0498,17.23,0.042,29.11,95.6605,77.3,90.626,107.569,129.363,129.363,199.073,129.363,107.584,151.452,172.03,197.034,159.267,146.078,134.55,9.99
NIST610 6,69.04,0.39,1.8944,1.80,0.0796,15.90,13.4874,1.75,0,NA,11.1953,0.58,0.0262,46.07,0.1437,28.86,0.069,34.53,0.0442,57.92,0.0661,31.13,0.0715,27.38,0.046,18.47,0.0594,20.98,96.2228,77.3,90.626,107.569,129.363,129.363,199.073,129.363,107.584,151.452,172.03,197.034,159.267,146.078,134.55,9.99
BCR2G 3,54.9357,0.44,13.4587,0.63,3.4166,1.24,3.0727,3.74,0,NA,7.0295,0.74,0.0227,52.53,0,NA,0.3621,9.03,0.0221,112.72,0.1783,12.89,12.862,0.84,1.6694,1.57,2.2436,1.32,99.2734,77.3,90.626,107.569,129.363,129.363,199.073,129.363,107.584,151.452,172.03,197.034,159.267,146.078,134.55,9.99
BHVO2G 3,49.7759,0.46,13.6073,0.63,7.076,0.84,2.364,4.29,0.1616,61.17,11.0938,0.59,0.0272,44.53,0,NA,0.2903,10.60,0.0811,32.95,0.1644,13.81,11.2082,0.91,0.5243,3.04,2.6626,1.20,99.0367,77.3,90.626,107.569,129.363,129.363,199.073,129.363,107.584,151.452,172.03,197.034,159.267,146.078,134.55,9.98
VGA99 3,51.1258,0.45,12.515,0.65,5.044,1.01,2.7296,3.98,0,NA,9.1277,0.65,0.0309,39.69,0.0428,87.69,0.4715,7.52,0.0221,112.72,0.1582,14.27,13.9158,0.81,0.7931,2.38,3.8149,0.98,99.7914,77.3,90.626,107.569,129.363,129.363,199.073,129.363,107.584,151.452,172.03,197.034,159.267,146.078,134.55,9.97
ATHOG 3,73.9374,0.38,12.1405,0.66,0.0937,13.79,3.5619,3.46,0.0763,120.30,1.6834,1.63,0.0355,35.07,0.0062,580.56,0,NA,0,NA,0.1252,17.48,3.3971,1.70,2.5272,1.26,0.2136,6.73,97.798,77.3,90.626,107.569,129.363,129.363,199.073,129.363,107.584,151.452,172.03,197.034,159.267,146.078,134.55,9.97
,,,,,,,,,,,,,,,,,,,,,,,,,,,,,,,,,,,,,,,,,,,,
,,,,,,,,,,,,,,,,,,,,,,,,,,,,,,,,,,,,,,,,,,,,
Notes:,,,,,,,,,,,,,,,,,,,,,,,,,,,,,,,,,,,,,,,,,,,,
"All oxide concentrations are reported in mass percent, and errors are reported in relative percent error.",,,,,,,,,,,,,,,,,,,,,,,,,,,,,,,,,,,,,,,,,,,,
