Channel#,KeV (hh1),hh1,sandy1,sandy2,sandy3,sandy3b,sandy4,SGS,,Bruker AXS Handheld Inc. S1PXRF Spectrum ,,,,,,,
0,0,0,0,0,0,0,0,0,,Sample ID,hh1,sandy1,sandy2,sandy3,sandy3b,sandy4,SGS
1,0.02,0,0,0,0,0,0,0,,eV per channel,20.0005,19.9907,19.9995,19.9989,19.9982,19.9986,20.0053
2,0.04,0,0,0,0,0,0,0,,Number of Channels,2048,2048,2048,2048,2048,2048,2048
3,0.06,0,0,0,0,0,0,0,,,,,,,,,
4,0.08,0,0,0,0,0,0,0,,,,,,,,,
5,0.1,0,0,0,0,0,0,0,,,,,,,,,
6,0.12,0,0,0,0,0,0,0,,,,,,,,,
7,0.14,0,0,0,0,0,0,0,,,,,,,,,
8,0.16,0,0,0,0,0,0,0,,,,,,,,,
9,0.18,0,0,0,0,0,0,0,,,,,,,,,
10,0.2,0,0,0,0,0,0,0,,,,,,,,,
11,0.22,0,0,0,0,0,0,0,,,,,,,,,
12,0.24,0,0,0,0,0,0,0,,,,,,,,,
13,0.26,0,0,0,0,0,0,0,,,,,,,,,
14,0.28,0,1,0,1,1,0,1,,,,,,,,,
15,0.3,1,14,12,16,10,10,6,,,,,,,,,
16,0.32,129,149,143,119,138,132,112,,,,,,,,,
17,0.34,821,826,808,794,761,807,761,,,,,,,,,
18,0.36,2626,2744,2715,2763,2650,2768,2561,,,,,,,,,
19,0.38,5006,4874,4951,5087,5139,4938,5173,,,,,,,,,
20,0.4,4948,4905,4866,5033,5154,4911,5009,,,,,,,,,
21,0.42,2678,2743,2789,2701,2660,2673,2740,,,,,,,,,
22,0.44,820,844,863,819,766,806,732,,,,,,,,,
23,0.46,150,144,123,148,131,162,105,,,,,,,,,
24,0.48,20,10,13,19,15,20,10,,,,,,,,,
25,0.5,1,2,0,3,2,3,2,,,,,,,,,
26,0.52,0,1,0,0,0,0,1,,,,,,,,,
27,0.54,0,2,0,0,0,1,0,,,,,,,,,
28,0.56,0,0,1,0,2,0,0,,,,,,,,,
29,0.58,130,103,126,100,140,107,159,,,,,,,,,
30,0.6,153,107,129,101,105,132,156,,,,,,,,,
31,0.62,150,134,144,124,127,120,171,,,,,,,,,
32,0.64,140,151,131,136,131,119,163,,,,,,,,,
33,0.66,126,134,137,142,157,153,184,,,,,,,,,
34,0.68,161,158,154,135,130,124,135,,,,,,,,,
35,0.7,154,157,151,134,128,125,170,,,,,,,,,
36,0.72,151,132,149,109,128,124,138,,,,,,,,,
37,0.74,186,155,135,113,134,127,134,,,,,,,,,
38,0.76,162,125,135,125,144,129,169,,,,,,,,,
39,0.78,144,145,154,126,128,154,138,,,,,,,,,
40,0.8,157,149,159,121,150,137,149,,,,,,,,,
41,0.82,138,169,151,114,132,149,159,,,,,,,,,
42,0.84,171,139,139,135,134,136,133,,,,,,,,,
43,0.86,148,167,133,111,128,128,141,,,,,,,,,
44,0.88,138,125,147,137,115,126,136,,,,,,,,,
45,0.9,170,130,134,99,127,107,170,,,,,,,,,
46,0.92,141,130,149,109,140,121,154,,,,,,,,,
47,0.94,151,126,139,131,134,122,142,,,,,,,,,
48,0.96,150,127,132,121,134,122,147,,,,,,,,,
49,0.98,139,142,123,119,127,115,136,,,,,,,,,
50,1,154,122,117,108,118,118,135,,,,,,,,,
51,1.02,138,144,131,113,131,138,136,,,,,,,,,
52,1.04,141,124,127,104,137,118,135,,,,,,,,,
53,1.06,141,130,134,109,139,124,138,,,,,,,,,
54,1.08,128,111,131,134,110,145,134,,,,,,,,,
55,1.1,132,137,125,104,97,129,164,,,,,,,,,
56,1.12,129,130,154,110,117,122,128,,,,,,,,,
57,1.14,138,132,123,119,103,138,122,,,,,,,,,
58,1.16,135,116,140,127,129,136,143,,,,,,,,,
59,1.18,142,130,110,124,110,104,120,,,,,,,,,
60,1.2,130,122,128,93,90,118,125,,,,,,,,,
61,1.22,146,120,117,114,105,134,136,,,,,,,,,
62,1.24,121,101,131,112,122,115,129,,,,,,,,,
63,1.26,122,118,124,121,108,96,124,,,,,,,,,
64,1.28,130,126,125,117,116,116,132,,,,,,,,,
65,1.3,158,137,103,95,95,122,129,,,,,,,,,
66,1.32,136,115,122,107,117,122,104,,,,,,,,,
67,1.34,132,118,123,126,93,111,121,,,,,,,,,
68,1.36,119,129,103,100,112,119,131,,,,,,,,,
69,1.38,107,115,120,116,102,122,117,,,,,,,,,
70,1.4,125,122,114,116,105,115,118,,,,,,,,,
71,1.42,138,108,110,89,103,113,137,,,,,,,,,
72,1.44,129,120,112,110,127,130,130,,,,,,,,,
73,1.46,146,119,118,105,124,123,137,,,,,,,,,
74,1.48,129,132,138,116,110,128,123,,,,,,,,,
75,1.5,118,116,123,115,111,122,123,,,,,,,,,
76,1.52,124,127,133,118,87,126,104,,,,,,,,,
77,1.54,134,120,132,119,115,109,126,,,,,,,,,
78,1.56,124,118,88,95,113,110,121,,,,,,,,,
79,1.58,128,110,108,96,110,109,124,,,,,,,,,
80,1.6,121,113,98,96,121,106,113,,,,,,,,,
81,1.62,146,114,112,95,120,114,105,,,,,,,,,
82,1.64,124,116,104,117,103,132,98,,,,,,,,,
83,1.66,133,106,108,110,106,105,128,,,,,,,,,
84,1.68,129,119,116,105,115,110,119,,,,,,,,,
85,1.7,135,141,145,101,127,118,162,,,,,,,,,
86,1.72,165,151,123,131,148,140,173,,,,,,,,,
87,1.74,140,157,146,121,148,144,160,,,,,,,,,
88,1.76,163,158,160,106,140,127,152,,,,,,,,,
89,1.78,156,106,147,109,139,121,133,,,,,,,,,
90,1.8,135,140,91,83,110,121,120,,,,,,,,,
91,1.82,120,116,104,100,114,117,118,,,,,,,,,
92,1.84,103,99,108,98,107,117,130,,,,,,,,,
93,1.86,122,116,132,126,107,108,137,,,,,,,,,
94,1.88,121,109,125,92,121,123,103,,,,,,,,,
95,1.9,132,111,121,118,127,113,135,,,,,,,,,
96,1.92,139,112,119,110,96,124,134,,,,,,,,,
97,1.94,118,126,121,110,110,127,137,,,,,,,,,
98,1.96,119,119,114,108,135,107,125,,,,,,,,,
99,1.98,140,142,110,121,110,115,137,,,,,,,,,
100,2,128,109,106,109,104,101,125,,,,,,,,,
101,2.02,113,116,130,95,113,105,131,,,,,,,,,
102,2.04,121,118,115,94,117,101,117,,,,,,,,,
103,2.06,131,115,117,92,121,106,131,,,,,,,,,
104,2.08,102,95,117,90,119,114,91,,,,,,,,,
105,2.1,124,119,99,96,90,101,119,,,,,,,,,
106,2.12,108,114,103,93,103,113,111,,,,,,,,,
107,2.14,119,112,122,106,102,104,120,,,,,,,,,
108,2.16,134,110,120,99,101,108,112,,,,,,,,,
109,2.18,121,117,114,104,107,115,94,,,,,,,,,
110,2.2,98,109,120,96,110,105,106,,,,,,,,,
111,2.22,120,92,94,88,119,105,110,,,,,,,,,
112,2.24,106,134,108,96,103,91,121,,,,,,,,,
113,2.26,134,101,128,88,94,109,123,,,,,,,,,
114,2.28,132,111,109,92,107,97,107,,,,,,,,,
115,2.3,136,108,107,96,102,97,125,,,,,,,,,
116,2.32,127,116,120,101,93,117,110,,,,,,,,,
117,2.34,103,102,119,87,110,102,109,,,,,,,,,
118,2.36,129,112,93,105,82,100,136,,,,,,,,,
119,2.38,118,122,116,89,117,116,97,,,,,,,,,
120,2.4,103,101,103,98,94,99,117,,,,,,,,,
121,2.42,101,113,93,95,87,110,125,,,,,,,,,
122,2.44,115,102,106,105,79,88,100,,,,,,,,,
123,2.46,110,112,116,101,104,86,102,,,,,,,,,
124,2.48,110,106,128,93,89,102,104,,,,,,,,,
125,2.5,117,102,102,85,97,96,120,,,,,,,,,
126,2.52,133,116,100,82,113,96,113,,,,,,,,,
127,2.54,113,121,105,86,82,95,106,,,,,,,,,
128,2.56,93,99,96,103,85,89,113,,,,,,,,,
129,2.58,122,114,109,99,106,62,110,,,,,,,,,
130,2.6,121,98,97,99,93,99,122,,,,,,,,,
131,2.62,122,98,84,86,84,92,108,,,,,,,,,
132,2.64,129,119,109,100,92,103,122,,,,,,,,,
133,2.66,113,103,89,81,102,76,125,,,,,,,,,
134,2.68,97,114,92,80,80,91,116,,,,,,,,,
135,2.7,98,108,101,83,93,112,123,,,,,,,,,
136,2.72,118,114,109,105,111,107,92,,,,,,,,,
137,2.74,106,115,107,84,100,87,105,,,,,,,,,
138,2.76,111,111,107,99,98,106,105,,,,,,,,,
139,2.78,88,108,107,81,112,95,109,,,,,,,,,
140,2.8,118,76,90,95,71,78,109,,,,,,,,,
141,2.82,103,115,89,80,94,103,111,,,,,,,,,
142,2.84,107,94,101,108,108,95,111,,,,,,,,,
143,2.86,81,102,111,89,94,83,111,,,,,,,,,
144,2.88,100,93,94,94,93,96,117,,,,,,,,,
145,2.9,133,121,81,107,110,106,96,,,,,,,,,
146,2.92,109,106,99,90,97,92,123,,,,,,,,,
147,2.94,117,111,106,110,97,107,116,,,,,,,,,
148,2.96,111,105,103,95,110,91,121,,,,,,,,,
149,2.98,114,116,110,102,105,98,110,,,,,,,,,
150,3,95,117,113,104,93,114,99,,,,,,,,,
151,3.02,123,87,118,76,104,99,111,,,,,,,,,
152,3.04,86,81,96,66,88,93,100,,,,,,,,,
153,3.06,112,78,76,78,86,81,102,,,,,,,,,
154,3.08,98,88,88,83,76,88,88,,,,,,,,,
155,3.1,79,95,111,72,67,88,107,,,,,,,,,
156,3.12,107,88,79,88,104,89,105,,,,,,,,,
157,3.14,111,101,80,81,77,75,76,,,,,,,,,
158,3.16,96,100,89,79,84,76,91,,,,,,,,,
159,3.18,110,83,84,60,76,90,91,,,,,,,,,
160,3.2,111,89,92,89,82,93,106,,,,,,,,,
161,3.22,99,82,115,102,111,95,110,,,,,,,,,
162,3.24,101,111,103,100,116,108,115,,,,,,,,,
163,3.26,123,127,115,119,95,100,113,,,,,,,,,
164,3.28,137,137,161,117,116,156,187,,,,,,,,,
165,3.3,198,167,140,132,146,149,182,,,,,,,,,
166,3.32,173,164,176,140,135,147,157,,,,,,,,,
167,3.34,136,158,169,126,125,147,156,,,,,,,,,
168,3.36,150,130,131,133,127,133,151,,,,,,,,,
169,3.38,115,92,92,104,101,103,133,,,,,,,,,
170,3.4,115,102,86,77,102,91,100,,,,,,,,,
171,3.42,97,93,85,87,79,75,100,,,,,,,,,
172,3.44,102,91,71,79,87,68,102,,,,,,,,,
173,3.46,108,82,85,76,78,83,92,,,,,,,,,
174,3.48,81,95,90,71,73,87,93,,,,,,,,,
175,3.5,101,82,93,84,85,69,81,,,,,,,,,
176,3.52,97,83,56,80,76,77,95,,,,,,,,,
177,3.54,81,90,87,67,103,106,103,,,,,,,,,
178,3.56,128,99,104,93,102,93,96,,,,,,,,,
179,3.58,153,127,124,104,107,98,132,,,,,,,,,
180,3.6,176,188,195,135,150,144,162,,,,,,,,,
181,3.62,265,244,238,247,200,243,239,,,,,,,,,
182,3.64,392,398,374,330,314,355,344,,,,,,,,,
183,3.66,565,550,486,360,449,473,446,,,,,,,,,
184,3.68,662,639,587,502,530,581,529,,,,,,,,,
185,3.7,678,677,625,465,482,614,566,,,,,,,,,
186,3.72,554,568,479,443,474,502,501,,,,,,,,,
187,3.74,423,408,402,321,322,402,352,,,,,,,,,
188,3.76,325,280,267,202,202,254,242,,,,,,,,,
189,3.78,196,188,157,130,133,162,163,,,,,,,,,
190,3.8,129,128,99,93,73,98,112,,,,,,,,,
191,3.82,108,85,91,90,77,94,103,,,,,,,,,
192,3.84,85,76,88,69,78,63,82,,,,,,,,,
193,3.86,83,70,68,77,66,61,96,,,,,,,,,
194,3.88,87,75,75,63,73,74,79,,,,,,,,,
195,3.9,74,87,83,62,68,87,86,,,,,,,,,
196,3.92,88,82,81,63,76,75,63,,,,,,,,,
197,3.94,112,89,91,80,84,97,106,,,,,,,,,
198,3.96,126,121,88,97,103,125,95,,,,,,,,,
199,3.98,145,115,137,108,131,131,131,,,,,,,,,
200,4,153,154,131,128,146,123,140,,,,,,,,,
201,4.02,174,141,137,127,131,171,142,,,,,,,,,
202,4.04,134,159,136,112,127,142,127,,,,,,,,,
203,4.06,127,124,121,92,127,120,129,,,,,,,,,
204,4.08,115,116,89,102,89,93,92,,,,,,,,,
205,4.1,96,75,102,95,65,80,88,,,,,,,,,
206,4.12,61,78,72,60,75,69,77,,,,,,,,,
207,4.14,87,71,64,45,69,70,77,,,,,,,,,
208,4.16,70,65,52,43,67,48,65,,,,,,,,,
209,4.18,65,49,55,54,56,48,63,,,,,,,,,
210,4.2,58,52,62,54,54,42,61,,,,,,,,,
211,4.22,45,62,61,64,47,67,66,,,,,,,,,
212,4.24,59,48,65,44,60,55,62,,,,,,,,,
213,4.26,69,63,62,53,61,45,60,,,,,,,,,
214,4.28,59,64,45,47,58,58,62,,,,,,,,,
215,4.3,62,72,55,59,49,56,66,,,,,,,,,
216,4.32,66,59,66,44,62,58,60,,,,,,,,,
217,4.34,60,64,60,55,48,66,75,,,,,,,,,
218,4.36,57,65,54,53,49,50,61,,,,,,,,,
219,4.38,74,68,61,47,54,54,73,,,,,,,,,
220,4.4,69,72,77,42,72,70,77,,,,,,,,,
221,4.42,88,86,85,73,90,76,90,,,,,,,,,
222,4.44,118,97,106,114,101,98,105,,,,,,,,,
223,4.46,153,143,153,139,116,140,121,,,,,,,,,
224,4.48,192,183,191,143,169,157,172,,,,,,,,,
225,4.5,252,207,184,163,199,210,192,,,,,,,,,
226,4.52,212,189,184,175,208,226,201,,,,,,,,,
227,4.54,183,166,168,163,167,166,161,,,,,,,,,
228,4.56,161,164,172,118,142,155,143,,,,,,,,,
229,4.58,129,132,117,94,96,150,115,,,,,,,,,
230,4.6,97,88,102,74,81,107,84,,,,,,,,,
231,4.62,85,97,69,85,88,89,79,,,,,,,,,
232,4.64,92,80,79,73,90,82,92,,,,,,,,,
233,4.66,89,83,85,56,73,76,77,,,,,,,,,
234,4.68,71,79,86,65,74,58,65,,,,,,,,,
235,4.7,71,83,52,63,71,69,70,,,,,,,,,
236,4.72,66,55,61,53,60,47,36,,,,,,,,,
237,4.74,59,47,52,46,50,38,64,,,,,,,,,
238,4.76,63,56,49,47,43,55,60,,,,,,,,,
239,4.78,49,49,40,42,46,43,51,,,,,,,,,
240,4.8,54,39,62,43,30,34,57,,,,,,,,,
241,4.82,50,56,51,41,40,55,65,,,,,,,,,
242,4.84,65,67,57,49,52,48,67,,,,,,,,,
243,4.86,61,60,55,46,49,48,56,,,,,,,,,
244,4.88,79,55,63,31,66,63,64,,,,,,,,,
245,4.9,80,64,68,60,69,65,72,,,,,,,,,
246,4.92,81,74,66,66,69,76,69,,,,,,,,,
247,4.94,72,80,88,53,66,85,81,,,,,,,,,
248,4.96,81,78,77,65,64,77,89,,,,,,,,,
249,4.98,70,69,65,50,66,59,56,,,,,,,,,
250,5,78,59,52,46,54,65,57,,,,,,,,,
251,5.02,50,45,63,49,43,47,45,,,,,,,,,
252,5.04,36,37,47,40,52,42,38,,,,,,,,,
253,5.06,59,55,52,36,39,41,45,,,,,,,,,
254,5.08,39,37,43,37,27,29,35,,,,,,,,,
255,5.1,43,43,30,27,37,29,41,,,,,,,,,
256,5.12,33,37,44,32,26,44,28,,,,,,,,,
257,5.14,46,38,32,35,37,34,35,,,,,,,,,
258,5.16,47,37,38,36,30,43,40,,,,,,,,,
259,5.18,35,42,34,30,32,40,39,,,,,,,,,
260,5.2,38,42,47,47,38,31,39,,,,,,,,,
261,5.22,45,49,35,26,26,37,34,,,,,,,,,
262,5.24,35,39,28,40,25,32,41,,,,,,,,,
263,5.26,36,43,52,34,31,50,45,,,,,,,,,
264,5.28,43,35,37,29,46,31,29,,,,,,,,,
265,5.3,49,40,44,38,35,36,42,,,,,,,,,
266,5.32,35,32,38,26,27,47,34,,,,,,,,,
267,5.34,41,35,40,43,41,46,41,,,,,,,,,
268,5.36,43,36,40,48,31,26,27,,,,,,,,,
269,5.38,42,36,27,29,37,46,36,,,,,,,,,
270,5.4,36,37,31,34,37,29,27,,,,,,,,,
271,5.42,32,36,50,31,39,27,29,,,,,,,,,
272,5.44,41,36,42,36,43,27,38,,,,,,,,,
273,5.46,39,35,33,32,35,39,32,,,,,,,,,
274,5.48,32,43,27,25,32,29,28,,,,,,,,,
275,5.5,29,24,36,31,33,36,30,,,,,,,,,
276,5.52,25,24,37,37,26,31,29,,,,,,,,,
277,5.54,36,37,32,20,39,28,31,,,,,,,,,
278,5.56,27,31,27,29,29,35,35,,,,,,,,,
279,5.58,31,31,31,19,31,26,41,,,,,,,,,
280,5.6,29,26,24,16,33,30,34,,,,,,,,,
281,5.62,29,26,26,17,27,29,27,,,,,,,,,
282,5.64,25,33,29,16,34,18,23,,,,,,,,,
283,5.66,32,34,25,14,25,30,29,,,,,,,,,
284,5.68,27,28,23,20,24,25,23,,,,,,,,,
285,5.7,25,31,27,18,23,26,24,,,,,,,,,
286,5.72,22,30,19,20,32,18,30,,,,,,,,,
287,5.74,32,26,26,23,33,22,22,,,,,,,,,
288,5.76,45,30,30,27,37,25,31,,,,,,,,,
289,5.78,28,35,37,40,41,29,33,,,,,,,,,
290,5.8,58,48,40,41,56,40,50,,,,,,,,,
291,5.82,68,70,68,46,106,71,59,,,,,,,,,
292,5.84,84,81,93,64,123,91,74,,,,,,,,,
293,5.86,120,99,101,103,193,130,119,,,,,,,,,
294,5.88,130,114,119,84,206,140,101,,,,,,,,,
295,5.9,133,128,129,107,231,138,130,,,,,,,,,
296,5.92,128,121,131,105,209,142,119,,,,,,,,,
297,5.94,119,113,126,75,186,107,96,,,,,,,,,
298,5.96,73,82,79,60,132,102,83,,,,,,,,,
299,5.98,62,72,48,58,100,63,69,,,,,,,,,
300,6,44,69,48,44,57,40,41,,,,,,,,,
301,6.02,42,37,38,20,47,38,34,,,,,,,,,
302,6.04,35,31,39,25,34,22,43,,,,,,,,,
303,6.06,31,45,26,20,33,34,36,,,,,,,,,
304,6.08,31,23,27,17,29,25,28,,,,,,,,,
305,6.1,29,33,28,19,31,29,21,,,,,,,,,
306,6.12,35,31,32,32,29,28,28,,,,,,,,,
307,6.14,26,40,37,37,29,35,30,,,,,,,,,
308,6.16,28,44,34,29,43,44,21,,,,,,,,,
309,6.18,50,56,42,46,37,54,38,,,,,,,,,
310,6.2,65,63,66,50,63,56,71,,,,,,,,,
311,6.22,81,136,127,86,87,108,73,,,,,,,,,
312,6.24,195,237,174,178,206,215,132,,,,,,,,,
313,6.26,392,486,457,372,443,495,359,,,,,,,,,
314,6.28,790,943,891,741,903,1040,723,,,,,,,,,
315,6.3,1403,1869,1669,1467,1612,1863,1294,,,,,,,,,
316,6.32,2540,3102,2894,2494,2878,3102,2203,,,,,,,,,
317,6.34,3837,4643,4460,3691,4398,4821,3365,,,,,,,,,
318,6.36,5216,6407,6095,5041,5885,6609,4703,,,,,,,,,
319,6.38,6327,7998,7341,6319,7399,7980,5508,,,,,,,,,
320,6.4,6941,8622,8225,6841,8001,8556,6154,,,,,,,,,
321,6.42,6750,8289,7681,6513,7574,8337,5976,,,,,,,,,
322,6.44,5677,7143,6824,5750,6704,7057,5051,,,,,,,,,
323,6.46,4428,5451,4981,4303,5109,5559,3819,,,,,,,,,
324,6.48,3013,3725,3525,3007,3511,3860,2650,,,,,,,,,
325,6.5,1823,2356,2172,1875,2128,2378,1637,,,,,,,,,
326,6.52,1019,1323,1194,993,1182,1334,914,,,,,,,,,
327,6.54,516,628,626,493,559,659,484,,,,,,,,,
328,6.56,248,332,306,245,291,300,212,,,,,,,,,
329,6.58,143,156,125,124,141,123,71,,,,,,,,,
330,6.6,61,56,66,63,72,61,53,,,,,,,,,
331,6.62,40,44,39,45,53,47,45,,,,,,,,,
332,6.64,28,35,49,39,39,43,29,,,,,,,,,
333,6.66,27,29,35,24,34,32,21,,,,,,,,,
334,6.68,35,30,28,28,25,21,31,,,,,,,,,
335,6.7,31,46,35,28,30,30,24,,,,,,,,,
336,6.72,30,26,34,27,25,36,26,,,,,,,,,
337,6.74,20,33,27,24,27,29,28,,,,,,,,,
338,6.76,17,35,33,25,25,33,30,,,,,,,,,
339,6.78,24,40,29,28,26,26,22,,,,,,,,,
340,6.8,35,36,32,16,32,34,28,,,,,,,,,
341,6.82,53,39,29,29,37,50,36,,,,,,,,,
342,6.84,44,49,40,38,47,46,26,,,,,,,,,
343,6.86,33,53,54,40,47,66,42,,,,,,,,,
344,6.88,62,85,65,48,56,70,57,,,,,,,,,
345,6.9,81,105,106,66,91,103,75,,,,,,,,,
346,6.92,137,161,143,128,177,170,107,,,,,,,,,
347,6.94,198,255,269,196,223,267,203,,,,,,,,,
348,6.96,373,419,404,313,407,489,286,,,,,,,,,
349,6.98,519,664,619,502,583,652,462,,,,,,,,,
350,7,726,929,866,734,836,940,637,,,,,,,,,
351,7.02,980,1142,1126,934,1105,1151,826,,,,,,,,,
352,7.04,1153,1325,1232,1046,1229,1312,992,,,,,,,,,
353,7.06,1105,1402,1374,1121,1282,1430,1021,,,,,,,,,
354,7.08,1084,1342,1275,1063,1323,1366,912,,,,,,,,,
355,7.1,990,1197,1122,894,1028,1140,818,,,,,,,,,
356,7.12,748,868,807,693,796,853,624,,,,,,,,,
357,7.14,538,630,607,496,571,646,439,,,,,,,,,
358,7.16,322,407,355,314,352,379,272,,,,,,,,,
359,7.18,184,238,229,206,211,227,169,,,,,,,,,
360,7.2,107,117,125,108,128,126,76,,,,,,,,,
361,7.22,50,76,57,61,65,46,54,,,,,,,,,
362,7.24,34,38,25,29,28,37,24,,,,,,,,,
363,7.26,26,22,23,19,27,12,23,,,,,,,,,
364,7.28,12,13,8,7,10,8,13,,,,,,,,,
365,7.3,12,12,16,9,8,18,8,,,,,,,,,
366,7.32,12,10,11,4,10,12,13,,,,,,,,,
367,7.34,5,15,12,9,10,12,10,,,,,,,,,
368,7.36,15,12,13,12,10,16,13,,,,,,,,,
369,7.38,9,13,8,9,18,7,16,,,,,,,,,
370,7.4,14,7,9,9,7,12,13,,,,,,,,,
371,7.42,17,13,11,10,8,8,14,,,,,,,,,
372,7.44,19,18,8,16,8,18,15,,,,,,,,,
373,7.46,20,7,14,13,8,16,11,,,,,,,,,
374,7.48,14,16,22,11,12,11,19,,,,,,,,,
375,7.5,10,7,12,11,11,15,19,,,,,,,,,
376,7.52,15,15,15,14,14,8,13,,,,,,,,,
377,7.54,14,14,9,17,13,8,8,,,,,,,,,
378,7.56,14,15,8,11,4,10,15,,,,,,,,,
379,7.58,14,13,8,12,8,6,9,,,,,,,,,
380,7.6,12,7,9,4,8,18,10,,,,,,,,,
381,7.62,8,15,12,9,6,9,9,,,,,,,,,
382,7.64,11,5,8,7,6,11,3,,,,,,,,,
383,7.66,12,9,16,15,10,11,6,,,,,,,,,
384,7.68,8,7,9,10,8,16,9,,,,,,,,,
385,7.7,8,5,14,10,14,11,5,,,,,,,,,
386,7.72,9,10,6,8,7,12,9,,,,,,,,,
387,7.74,12,12,10,6,5,8,8,,,,,,,,,
388,7.76,7,7,16,8,6,7,11,,,,,,,,,
389,7.78,7,6,7,8,12,8,14,,,,,,,,,
390,7.8,7,10,8,11,14,8,7,,,,,,,,,
391,7.82,10,4,10,11,11,6,18,,,,,,,,,
392,7.84,8,8,13,12,7,10,7,,,,,,,,,
393,7.86,14,10,11,1,10,8,9,,,,,,,,,
394,7.88,11,13,10,11,14,11,11,,,,,,,,,
395,7.9,12,15,13,2,11,11,13,,,,,,,,,
396,7.92,17,15,8,8,6,9,12,,,,,,,,,
397,7.94,9,12,17,4,5,14,18,,,,,,,,,
398,7.96,28,23,22,10,20,17,24,,,,,,,,,
399,7.98,20,25,12,14,19,30,25,,,,,,,,,
400,8,17,20,20,26,19,27,23,,,,,,,,,
401,8.02,15,20,35,11,17,30,16,,,,,,,,,
402,8.04,27,31,24,24,29,28,33,,,,,,,,,
403,8.06,38,27,27,27,24,30,28,,,,,,,,,
404,8.08,24,21,29,22,35,25,29,,,,,,,,,
405,8.1,18,26,21,20,16,18,16,,,,,,,,,
406,8.12,25,25,18,11,20,23,15,,,,,,,,,
407,8.14,12,17,13,7,16,10,16,,,,,,,,,
408,8.16,12,14,13,9,10,17,21,,,,,,,,,
409,8.18,13,9,7,9,10,19,5,,,,,,,,,
410,8.2,8,14,11,8,8,10,12,,,,,,,,,
411,8.22,7,12,4,8,7,10,10,,,,,,,,,
412,8.24,9,10,10,7,9,8,11,,,,,,,,,
413,8.26,5,6,10,12,8,5,4,,,,,,,,,
414,8.28,12,11,9,11,9,10,5,,,,,,,,,
415,8.3,7,8,5,11,3,11,5,,,,,,,,,
416,8.32,12,8,11,8,13,12,8,,,,,,,,,
417,8.34,10,10,10,4,9,10,14,,,,,,,,,
418,8.36,14,14,13,9,10,8,10,,,,,,,,,
419,8.38,10,3,6,3,2,11,14,,,,,,,,,
420,8.4,7,9,11,7,8,9,9,,,,,,,,,
421,8.42,15,11,8,13,8,9,10,,,,,,,,,
422,8.44,10,9,5,9,10,9,10,,,,,,,,,
423,8.46,8,13,16,14,11,9,5,,,,,,,,,
424,8.48,9,8,9,6,11,7,12,,,,,,,,,
425,8.5,18,22,11,8,9,13,15,,,,,,,,,
426,8.52,18,17,9,8,17,11,16,,,,,,,,,
427,8.54,23,21,21,15,22,17,41,,,,,,,,,
428,8.56,34,33,20,25,24,25,30,,,,,,,,,
429,8.58,35,42,31,35,31,28,39,,,,,,,,,
430,8.6,37,40,43,27,32,41,56,,,,,,,,,
431,8.62,41,58,47,48,46,44,45,,,,,,,,,
432,8.64,53,49,45,45,46,42,50,,,,,,,,,
433,8.66,51,51,46,35,37,48,47,,,,,,,,,
434,8.68,31,50,34,35,38,29,52,,,,,,,,,
435,8.7,35,35,41,27,27,34,38,,,,,,,,,
436,8.72,22,26,26,22,29,23,30,,,,,,,,,
437,8.74,29,21,23,12,20,22,28,,,,,,,,,
438,8.76,14,20,14,17,19,10,14,,,,,,,,,
439,8.78,10,9,14,14,7,19,12,,,,,,,,,
440,8.8,10,13,8,3,8,7,12,,,,,,,,,
441,8.82,9,12,15,7,10,16,9,,,,,,,,,
442,8.84,15,12,9,7,7,13,9,,,,,,,,,
443,8.86,16,12,12,10,9,12,12,,,,,,,,,
444,8.88,14,18,13,13,11,9,14,,,,,,,,,
445,8.9,9,9,11,6,9,13,13,,,,,,,,,
446,8.92,15,6,10,9,10,9,12,,,,,,,,,
447,8.94,10,12,14,12,11,8,13,,,,,,,,,
448,8.96,8,11,16,14,8,14,10,,,,,,,,,
449,8.98,10,9,9,5,9,13,12,,,,,,,,,
450,9,11,9,9,5,7,6,14,,,,,,,,,
451,9.02,11,11,9,6,4,8,3,,,,,,,,,
452,9.04,15,10,5,8,9,8,6,,,,,,,,,
453,9.06,12,3,9,7,10,7,6,,,,,,,,,
454,9.08,7,9,5,4,4,7,6,,,,,,,,,
455,9.1,9,6,2,6,8,6,6,,,,,,,,,
456,9.12,14,9,8,6,6,8,10,,,,,,,,,
457,9.14,14,8,12,8,9,6,13,,,,,,,,,
458,9.16,16,11,17,16,11,12,11,,,,,,,,,
459,9.18,15,6,17,8,11,9,17,,,,,,,,,
460,9.2,19,19,7,18,17,13,18,,,,,,,,,
461,9.22,11,20,15,10,9,21,18,,,,,,,,,
462,9.24,14,13,20,12,8,11,8,,,,,,,,,
463,9.26,14,11,12,20,16,26,19,,,,,,,,,
464,9.28,17,17,25,17,15,19,17,,,,,,,,,
465,9.3,14,12,15,20,13,18,8,,,,,,,,,
466,9.32,21,18,12,16,11,12,18,,,,,,,,,
467,9.34,9,11,22,16,9,12,13,,,,,,,,,
468,9.36,9,12,7,11,10,12,16,,,,,,,,,
469,9.38,26,6,10,10,10,14,13,,,,,,,,,
470,9.4,16,8,15,9,11,9,15,,,,,,,,,
471,9.42,5,12,5,6,7,10,10,,,,,,,,,
472,9.44,9,5,15,2,13,9,13,,,,,,,,,
473,9.46,6,13,13,8,17,5,7,,,,,,,,,
474,9.48,12,17,9,6,17,11,9,,,,,,,,,
475,9.5,15,16,23,3,15,13,15,,,,,,,,,
476,9.52,8,17,14,18,11,14,8,,,,,,,,,
477,9.54,14,19,15,11,19,14,15,,,,,,,,,
478,9.56,10,10,16,15,12,13,15,,,,,,,,,
479,9.58,13,11,12,11,8,9,19,,,,,,,,,
480,9.6,10,10,19,10,9,15,9,,,,,,,,,
481,9.62,8,11,13,14,12,7,15,,,,,,,,,
482,9.64,13,13,18,15,12,12,15,,,,,,,,,
483,9.66,16,14,22,9,8,8,13,,,,,,,,,
484,9.68,13,17,13,6,4,16,8,,,,,,,,,
485,9.7,16,15,6,5,6,15,10,,,,,,,,,
486,9.72,13,9,14,13,14,11,19,,,,,,,,,
487,9.74,8,12,9,11,7,10,12,,,,,,,,,
488,9.76,9,10,4,3,3,7,6,,,,,,,,,
489,9.78,7,11,7,9,9,8,7,,,,,,,,,
490,9.8,9,7,9,10,5,7,11,,,,,,,,,
491,9.82,8,5,9,11,5,2,5,,,,,,,,,
492,9.84,8,9,12,3,3,3,16,,,,,,,,,
493,9.86,9,4,10,13,9,10,10,,,,,,,,,
494,9.88,11,7,8,7,4,8,9,,,,,,,,,
495,9.9,7,6,4,3,7,9,7,,,,,,,,,
496,9.92,4,10,14,4,10,10,11,,,,,,,,,
497,9.94,9,9,5,8,8,5,11,,,,,,,,,
498,9.96,5,6,6,4,15,9,7,,,,,,,,,
499,9.98,3,7,10,6,5,1,3,,,,,,,,,
500,10,13,5,6,8,5,10,4,,,,,,,,,
501,10.02,11,6,10,9,5,5,6,,,,,,,,,
502,10.04,6,6,5,5,7,7,7,,,,,,,,,
503,10.06,4,10,4,9,3,5,9,,,,,,,,,
504,10.08,10,8,4,15,11,12,14,,,,,,,,,
505,10.1,14,6,4,6,6,5,8,,,,,,,,,
506,10.12,7,11,7,11,12,6,9,,,,,,,,,
507,10.14,7,6,9,10,6,6,8,,,,,,,,,
508,10.16,6,9,10,8,9,3,5,,,,,,,,,
509,10.18,11,12,12,7,7,10,12,,,,,,,,,
510,10.2,13,9,8,3,7,10,14,,,,,,,,,
511,10.22,8,6,6,7,5,14,8,,,,,,,,,
512,10.24,6,6,10,8,8,7,7,,,,,,,,,
513,10.26,8,9,7,4,6,9,14,,,,,,,,,
514,10.28,11,8,8,9,7,6,11,,,,,,,,,
515,10.3,9,6,8,9,5,7,6,,,,,,,,,
516,10.32,10,11,11,2,8,7,5,,,,,,,,,
517,10.34,7,7,7,8,7,15,7,,,,,,,,,
518,10.36,4,14,6,7,6,5,11,,,,,,,,,
519,10.38,9,7,7,5,8,8,15,,,,,,,,,
520,10.4,10,4,10,6,4,11,10,,,,,,,,,
521,10.42,9,5,13,9,10,6,10,,,,,,,,,
522,10.44,11,8,8,7,5,6,7,,,,,,,,,
523,10.46,6,12,7,5,6,6,8,,,,,,,,,
524,10.48,10,9,16,7,12,9,14,,,,,,,,,
525,10.5,21,11,12,14,14,11,11,,,,,,,,,
526,10.52,11,11,6,13,15,10,11,,,,,,,,,
527,10.54,20,15,14,13,9,14,16,,,,,,,,,
528,10.56,14,10,19,7,11,9,13,,,,,,,,,
529,10.58,6,5,15,10,15,9,13,,,,,,,,,
530,10.6,12,13,14,11,5,11,9,,,,,,,,,
531,10.62,4,8,7,9,13,6,8,,,,,,,,,
532,10.64,8,11,8,14,12,10,11,,,,,,,,,
533,10.66,11,6,12,10,7,9,11,,,,,,,,,
534,10.68,15,5,12,6,11,6,8,,,,,,,,,
535,10.7,12,7,7,7,8,10,5,,,,,,,,,
536,10.72,10,9,5,9,9,11,10,,,,,,,,,
537,10.74,8,2,8,9,6,5,7,,,,,,,,,
538,10.76,6,8,10,7,11,15,12,,,,,,,,,
539,10.78,6,8,8,5,4,9,3,,,,,,,,,
540,10.8,9,3,9,12,7,13,14,,,,,,,,,
541,10.82,11,2,9,3,8,12,8,,,,,,,,,
542,10.84,9,3,3,1,11,11,7,,,,,,,,,
543,10.86,12,4,8,10,6,10,6,,,,,,,,,
544,10.88,11,8,9,10,4,8,10,,,,,,,,,
545,10.9,11,11,9,13,6,8,4,,,,,,,,,
546,10.92,6,1,5,7,6,5,12,,,,,,,,,
547,10.94,9,7,6,4,4,5,10,,,,,,,,,
548,10.96,6,5,7,4,6,8,11,,,,,,,,,
549,10.98,0,3,5,7,6,7,10,,,,,,,,,
550,11,8,11,7,9,9,3,11,,,,,,,,,
551,11.02,11,9,8,7,5,7,4,,,,,,,,,
552,11.04,8,4,11,7,8,8,4,,,,,,,,,
553,11.06,7,5,11,7,7,4,4,,,,,,,,,
554,11.08,8,7,6,4,6,9,8,,,,,,,,,
555,11.1,8,3,11,5,6,8,9,,,,,,,,,
556,11.12,11,4,7,4,4,6,8,,,,,,,,,
557,11.14,2,6,10,3,9,4,12,,,,,,,,,
558,11.16,8,8,12,6,3,10,5,,,,,,,,,
559,11.18,6,6,9,7,7,6,7,,,,,,,,,
560,11.2,10,3,6,13,6,6,9,,,,,,,,,
561,11.22,10,6,14,7,13,6,9,,,,,,,,,
562,11.24,13,8,6,7,6,11,9,,,,,,,,,
563,11.26,7,8,7,10,4,6,7,,,,,,,,,
564,11.28,8,6,9,5,8,6,7,,,,,,,,,
565,11.3,10,8,9,13,10,10,11,,,,,,,,,
566,11.32,11,8,13,4,10,15,12,,,,,,,,,
567,11.34,5,9,6,13,9,12,10,,,,,,,,,
568,11.36,12,7,6,10,7,12,11,,,,,,,,,
569,11.38,12,7,9,7,7,15,8,,,,,,,,,
570,11.4,10,10,8,8,13,9,20,,,,,,,,,
571,11.42,11,6,8,10,8,14,18,,,,,,,,,
572,11.44,14,12,9,8,11,17,10,,,,,,,,,
573,11.46,10,17,15,11,14,13,7,,,,,,,,,
574,11.48,19,9,18,18,9,12,8,,,,,,,,,
575,11.5,12,10,16,9,13,9,12,,,,,,,,,
576,11.52,13,7,15,9,9,7,14,,,,,,,,,
577,11.54,10,12,13,16,13,11,12,,,,,,,,,
578,11.56,9,12,5,3,9,8,17,,,,,,,,,
579,11.58,9,15,9,9,9,10,21,,,,,,,,,
580,11.6,14,12,11,6,12,10,7,,,,,,,,,
581,11.62,12,5,13,12,14,14,17,,,,,,,,,
582,11.64,7,11,10,8,8,11,13,,,,,,,,,
583,11.66,14,14,11,8,9,8,13,,,,,,,,,
584,11.68,13,6,14,11,7,6,8,,,,,,,,,
585,11.7,5,9,10,7,6,9,14,,,,,,,,,
586,11.72,2,8,9,3,4,6,7,,,,,,,,,
587,11.74,8,10,10,13,8,10,6,,,,,,,,,
588,11.76,8,7,7,5,5,9,4,,,,,,,,,
589,11.78,6,8,10,6,5,6,9,,,,,,,,,
590,11.8,4,4,8,5,7,7,5,,,,,,,,,
591,11.82,8,8,7,9,9,12,4,,,,,,,,,
592,11.84,14,7,6,5,5,11,5,,,,,,,,,
593,11.86,6,8,11,7,9,7,12,,,,,,,,,
594,11.88,7,6,9,7,6,6,8,,,,,,,,,
595,11.9,12,9,3,4,6,8,8,,,,,,,,,
596,11.92,8,11,7,10,2,5,5,,,,,,,,,
597,11.94,8,14,6,3,8,3,9,,,,,,,,,
598,11.96,13,6,7,4,7,4,15,,,,,,,,,
599,11.98,12,9,9,7,8,11,6,,,,,,,,,
600,12,7,5,6,5,3,6,8,,,,,,,,,
601,12.02,7,4,13,5,7,7,4,,,,,,,,,
602,12.04,5,9,11,6,7,7,7,,,,,,,,,
603,12.06,5,9,12,6,6,5,7,,,,,,,,,
604,12.08,8,10,8,7,6,4,7,,,,,,,,,
605,12.1,7,6,9,8,4,6,10,,,,,,,,,
606,12.12,8,4,5,6,8,4,10,,,,,,,,,
607,12.14,11,11,11,8,11,7,8,,,,,,,,,
608,12.16,12,14,4,2,8,9,10,,,,,,,,,
609,12.18,7,3,9,10,7,7,8,,,,,,,,,
610,12.2,4,5,7,10,10,5,8,,,,,,,,,
611,12.22,10,10,9,9,7,8,6,,,,,,,,,
612,12.24,7,7,7,7,7,2,7,,,,,,,,,
613,12.26,7,5,3,3,9,10,5,,,,,,,,,
614,12.28,8,4,10,5,8,7,13,,,,,,,,,
615,12.3,9,12,9,7,11,8,13,,,,,,,,,
616,12.32,9,4,8,2,3,7,12,,,,,,,,,
617,12.34,4,9,8,5,3,8,6,,,,,,,,,
618,12.36,7,6,8,2,3,7,4,,,,,,,,,
619,12.38,7,8,8,10,8,8,8,,,,,,,,,
620,12.4,7,10,15,12,8,10,8,,,,,,,,,
621,12.42,10,12,9,8,7,9,8,,,,,,,,,
622,12.44,7,6,19,8,6,8,11,,,,,,,,,
623,12.46,14,7,10,9,8,8,8,,,,,,,,,
624,12.48,10,11,9,6,8,8,8,,,,,,,,,
625,12.5,13,10,15,5,8,8,10,,,,,,,,,
626,12.52,13,5,9,4,4,14,8,,,,,,,,,
627,12.54,12,12,7,10,7,6,8,,,,,,,,,
628,12.56,12,10,7,8,8,9,11,,,,,,,,,
629,12.58,14,11,9,9,8,9,11,,,,,,,,,
630,12.6,7,11,6,13,12,11,12,,,,,,,,,
631,12.62,10,13,11,8,11,19,17,,,,,,,,,
632,12.64,8,13,13,12,16,22,15,,,,,,,,,
633,12.66,10,11,15,10,7,15,10,,,,,,,,,
634,12.68,15,19,20,9,12,14,11,,,,,,,,,
635,12.7,9,15,13,17,16,17,7,,,,,,,,,
636,12.72,18,9,12,14,8,11,12,,,,,,,,,
637,12.74,9,11,9,9,5,12,15,,,,,,,,,
638,12.76,7,11,10,8,14,16,15,,,,,,,,,
639,12.78,13,15,12,8,14,13,10,,,,,,,,,
640,12.8,15,17,19,18,15,18,11,,,,,,,,,
641,12.82,11,14,13,10,12,14,9,,,,,,,,,
642,12.84,12,15,14,15,14,11,15,,,,,,,,,
643,12.86,15,11,14,14,20,16,12,,,,,,,,,
644,12.88,15,19,13,15,12,20,17,,,,,,,,,
645,12.9,12,12,13,11,15,15,14,,,,,,,,,
646,12.92,12,10,19,11,18,8,18,,,,,,,,,
647,12.94,8,7,16,8,12,14,9,,,,,,,,,
648,12.96,12,8,15,15,11,17,9,,,,,,,,,
649,12.98,10,15,14,8,14,15,18,,,,,,,,,
650,13,13,15,15,11,13,16,12,,,,,,,,,
651,13.02,18,13,11,13,6,12,20,,,,,,,,,
652,13.04,11,16,11,8,9,11,8,,,,,,,,,
653,13.06,14,8,16,6,21,16,16,,,,,,,,,
654,13.08,14,10,10,10,8,10,13,,,,,,,,,
655,13.1,16,13,11,12,12,6,13,,,,,,,,,
656,13.12,7,18,12,8,10,6,15,,,,,,,,,
657,13.14,17,13,16,10,10,9,14,,,,,,,,,
658,13.16,11,5,11,11,9,7,8,,,,,,,,,
659,13.18,10,12,12,6,15,13,21,,,,,,,,,
660,13.2,7,8,17,12,9,11,15,,,,,,,,,
661,13.22,24,10,19,20,19,12,19,,,,,,,,,
662,13.24,24,16,30,11,27,9,25,,,,,,,,,
663,13.26,25,25,23,23,18,22,26,,,,,,,,,
664,13.28,29,22,28,24,25,26,29,,,,,,,,,
665,13.3,37,34,44,29,35,34,46,,,,,,,,,
666,13.32,36,31,43,37,51,33,52,,,,,,,,,
667,13.34,45,41,55,55,51,36,50,,,,,,,,,
668,13.36,66,48,40,43,58,34,56,,,,,,,,,
669,13.38,56,47,65,44,44,43,59,,,,,,,,,
670,13.4,43,34,56,43,36,38,46,,,,,,,,,
671,13.42,47,52,59,54,37,36,54,,,,,,,,,
672,13.44,43,31,46,43,37,28,56,,,,,,,,,
673,13.46,34,32,40,40,35,19,37,,,,,,,,,
674,13.48,28,42,39,24,21,23,25,,,,,,,,,
675,13.5,28,22,31,30,19,22,32,,,,,,,,,
676,13.52,21,22,27,25,23,19,30,,,,,,,,,
677,13.54,17,17,18,13,18,19,34,,,,,,,,,
678,13.56,18,12,16,18,15,11,12,,,,,,,,,
679,13.58,19,15,12,12,14,10,13,,,,,,,,,
680,13.6,11,18,8,17,11,6,19,,,,,,,,,
681,13.62,12,11,13,11,9,12,14,,,,,,,,,
682,13.64,16,20,11,11,12,7,16,,,,,,,,,
683,13.66,9,8,24,7,8,8,17,,,,,,,,,
684,13.68,19,12,10,11,9,9,10,,,,,,,,,
685,13.7,14,4,7,17,11,12,21,,,,,,,,,
686,13.72,10,14,14,8,10,11,18,,,,,,,,,
687,13.74,17,10,20,14,12,13,20,,,,,,,,,
688,13.76,14,17,11,12,14,11,15,,,,,,,,,
689,13.78,19,10,14,11,13,9,22,,,,,,,,,
690,13.8,11,12,9,12,13,22,19,,,,,,,,,
691,13.82,15,15,16,13,16,11,18,,,,,,,,,
692,13.84,22,10,16,11,16,14,15,,,,,,,,,
693,13.86,17,25,18,18,23,26,38,,,,,,,,,
694,13.88,19,19,11,21,19,23,21,,,,,,,,,
695,13.9,40,33,41,27,26,26,46,,,,,,,,,
696,13.92,62,43,45,33,35,43,58,,,,,,,,,
697,13.94,98,79,83,63,60,76,118,,,,,,,,,
698,13.96,147,120,131,83,112,115,172,,,,,,,,,
699,13.98,222,159,175,133,139,201,222,,,,,,,,,
700,14,306,258,247,172,225,257,342,,,,,,,,,
701,14.02,399,318,373,328,314,339,508,,,,,,,,,
702,14.04,603,484,516,391,418,444,703,,,,,,,,,
703,14.06,741,659,646,463,528,628,814,,,,,,,,,
704,14.08,871,765,743,637,610,654,1083,,,,,,,,,
705,14.1,1029,825,879,740,704,847,1272,,,,,,,,,
706,14.12,1140,917,931,746,833,879,1291,,,,,,,,,
707,14.14,1208,977,983,825,863,911,1359,,,,,,,,,
708,14.16,1115,915,1029,834,876,980,1380,,,,,,,,,
709,14.18,1108,895,965,825,762,878,1337,,,,,,,,,
710,14.2,973,797,838,697,779,789,1257,,,,,,,,,
711,14.22,863,691,818,623,601,687,1018,,,,,,,,,
712,14.24,734,565,602,467,514,560,811,,,,,,,,,
713,14.26,562,449,452,391,392,440,678,,,,,,,,,
714,14.28,422,336,377,283,305,332,485,,,,,,,,,
715,14.3,292,227,252,221,181,248,326,,,,,,,,,
716,14.32,210,170,167,142,148,161,217,,,,,,,,,
717,14.34,136,92,107,78,101,104,137,,,,,,,,,
718,14.36,77,73,77,54,52,52,93,,,,,,,,,
719,14.38,53,42,43,43,40,39,62,,,,,,,,,
720,14.4,26,28,24,20,23,33,35,,,,,,,,,
721,14.42,24,11,21,24,13,13,29,,,,,,,,,
722,14.44,22,14,16,14,13,20,19,,,,,,,,,
723,14.46,9,22,19,14,10,18,14,,,,,,,,,
724,14.48,23,12,9,10,11,9,9,,,,,,,,,
725,14.5,13,6,4,9,9,10,5,,,,,,,,,
726,14.52,4,13,15,5,12,12,8,,,,,,,,,
727,14.54,12,6,16,12,6,13,18,,,,,,,,,
728,14.56,10,14,13,3,9,14,12,,,,,,,,,
729,14.58,12,10,17,14,13,11,11,,,,,,,,,
730,14.6,22,13,11,6,9,9,6,,,,,,,,,
731,14.62,12,11,7,10,10,11,14,,,,,,,,,
732,14.64,16,8,8,13,10,22,15,,,,,,,,,
733,14.66,17,9,8,11,11,7,8,,,,,,,,,
734,14.68,8,12,14,8,8,9,15,,,,,,,,,
735,14.7,13,11,9,9,8,14,14,,,,,,,,,
736,14.72,7,17,8,10,11,14,17,,,,,,,,,
737,14.74,16,15,16,10,10,23,15,,,,,,,,,
738,14.76,23,8,18,18,17,15,20,,,,,,,,,
739,14.78,22,23,12,12,13,21,15,,,,,,,,,
740,14.8,25,17,21,20,16,19,24,,,,,,,,,
741,14.82,35,35,33,20,31,31,39,,,,,,,,,
742,14.84,39,28,38,41,41,35,39,,,,,,,,,
743,14.86,38,41,38,38,37,36,61,,,,,,,,,
744,14.88,43,38,53,51,36,35,61,,,,,,,,,
745,14.9,73,54,47,40,47,37,58,,,,,,,,,
746,14.92,77,49,56,37,47,47,65,,,,,,,,,
747,14.94,69,55,49,44,62,52,71,,,,,,,,,
748,14.96,47,51,57,61,64,49,91,,,,,,,,,
749,14.98,60,50,56,47,40,49,63,,,,,,,,,
750,15,54,46,56,37,51,47,69,,,,,,,,,
751,15.02,54,39,58,38,34,43,53,,,,,,,,,
752,15.04,45,36,28,25,27,33,36,,,,,,,,,
753,15.06,39,21,36,45,25,34,33,,,,,,,,,
754,15.08,38,22,37,19,20,25,39,,,,,,,,,
755,15.1,23,22,29,23,15,23,18,,,,,,,,,
756,15.12,23,22,17,13,20,12,30,,,,,,,,,
757,15.14,17,16,21,15,17,21,17,,,,,,,,,
758,15.16,16,20,9,16,14,11,21,,,,,,,,,
759,15.18,18,12,14,12,10,19,27,,,,,,,,,
760,15.2,8,12,11,11,13,10,17,,,,,,,,,
761,15.22,16,13,12,16,15,15,17,,,,,,,,,
762,15.24,14,7,12,21,21,14,10,,,,,,,,,
763,15.26,13,13,18,12,15,19,12,,,,,,,,,
764,15.28,10,6,14,12,11,10,13,,,,,,,,,
765,15.3,10,9,16,9,14,10,14,,,,,,,,,
766,15.32,16,13,14,11,12,11,11,,,,,,,,,
767,15.34,21,14,14,12,17,14,15,,,,,,,,,
768,15.36,15,13,14,4,12,14,10,,,,,,,,,
769,15.38,13,10,11,12,13,15,22,,,,,,,,,
770,15.4,18,17,16,12,10,21,10,,,,,,,,,
771,15.42,19,7,15,17,11,12,27,,,,,,,,,
772,15.44,21,16,15,12,16,16,12,,,,,,,,,
773,15.46,20,13,10,12,18,18,22,,,,,,,,,
774,15.48,21,11,19,21,17,14,25,,,,,,,,,
775,15.5,23,21,33,26,24,26,34,,,,,,,,,
776,15.52,36,20,32,24,24,24,44,,,,,,,,,
777,15.54,31,38,48,28,34,33,54,,,,,,,,,
778,15.56,49,55,54,41,52,41,74,,,,,,,,,
779,15.58,84,71,67,55,64,61,96,,,,,,,,,
780,15.6,95,67,89,73,83,98,143,,,,,,,,,
781,15.62,146,111,113,106,98,95,175,,,,,,,,,
782,15.64,191,133,160,120,131,136,226,,,,,,,,,
783,15.66,199,178,204,149,146,181,274,,,,,,,,,
784,15.68,301,229,199,195,182,248,311,,,,,,,,,
785,15.7,320,239,278,211,248,263,418,,,,,,,,,
786,15.72,392,297,308,238,291,270,418,,,,,,,,,
787,15.74,409,304,376,302,305,332,509,,,,,,,,,
788,15.76,468,353,373,300,325,328,530,,,,,,,,,
789,15.78,481,358,373,344,332,373,563,,,,,,,,,
790,15.8,435,396,414,324,332,352,554,,,,,,,,,
791,15.82,437,344,342,321,303,361,545,,,,,,,,,
792,15.84,455,343,346,344,301,315,504,,,,,,,,,
793,15.86,370,284,287,250,294,292,456,,,,,,,,,
794,15.88,281,250,289,207,228,260,374,,,,,,,,,
795,15.9,278,186,265,179,166,191,316,,,,,,,,,
796,15.92,209,193,194,167,127,180,238,,,,,,,,,
797,15.94,177,135,144,120,133,145,194,,,,,,,,,
798,15.96,118,108,109,95,99,94,135,,,,,,,,,
799,15.98,105,80,84,77,86,78,110,,,,,,,,,
800,16,79,65,69,54,44,73,97,,,,,,,,,
801,16.02,64,44,58,50,62,47,94,,,,,,,,,
802,16.04,44,51,65,41,31,61,60,,,,,,,,,
803,16.06,50,40,49,37,30,45,54,,,,,,,,,
804,16.08,38,36,31,29,37,54,59,,,,,,,,,
805,16.1,43,41,45,41,29,45,59,,,,,,,,,
806,16.12,36,49,36,32,29,39,45,,,,,,,,,
807,16.14,39,39,47,38,22,31,43,,,,,,,,,
808,16.16,40,31,38,27,27,38,53,,,,,,,,,
809,16.18,28,28,31,22,23,29,39,,,,,,,,,
810,16.2,21,23,20,28,23,20,32,,,,,,,,,
811,16.22,36,18,29,24,23,23,32,,,,,,,,,
812,16.24,24,25,25,17,18,22,25,,,,,,,,,
813,16.26,25,22,23,23,13,9,22,,,,,,,,,
814,16.28,16,12,13,22,12,16,22,,,,,,,,,
815,16.3,23,12,14,8,14,16,29,,,,,,,,,
816,16.32,20,21,20,13,14,12,24,,,,,,,,,
817,16.34,24,23,18,13,13,18,25,,,,,,,,,
818,16.36,19,18,21,16,13,16,19,,,,,,,,,
819,16.38,24,17,22,13,17,17,25,,,,,,,,,
820,16.4,22,20,11,22,14,26,15,,,,,,,,,
821,16.42,19,11,19,11,26,11,23,,,,,,,,,
822,16.44,23,18,24,15,18,21,25,,,,,,,,,
823,16.46,21,21,17,23,16,24,25,,,,,,,,,
824,16.48,25,23,34,28,23,19,23,,,,,,,,,
825,16.5,32,27,25,28,20,25,24,,,,,,,,,
826,16.52,31,19,24,19,35,20,30,,,,,,,,,
827,16.54,33,19,24,24,20,16,26,,,,,,,,,
828,16.56,33,22,18,23,26,31,32,,,,,,,,,
829,16.58,32,26,32,19,21,21,37,,,,,,,,,
830,16.6,30,37,31,20,33,35,27,,,,,,,,,
831,16.62,29,37,42,32,19,35,37,,,,,,,,,
832,16.64,32,28,32,21,21,30,32,,,,,,,,,
833,16.66,33,29,22,25,33,28,37,,,,,,,,,
834,16.68,30,24,30,22,23,33,38,,,,,,,,,
835,16.7,27,28,20,19,25,32,30,,,,,,,,,
836,16.72,45,29,31,33,36,32,34,,,,,,,,,
837,16.74,31,35,23,22,32,24,36,,,,,,,,,
838,16.76,34,25,28,17,27,24,33,,,,,,,,,
839,16.78,27,22,31,15,27,30,31,,,,,,,,,
840,16.8,16,29,17,20,16,22,30,,,,,,,,,
841,16.82,27,24,18,19,21,29,25,,,,,,,,,
842,16.84,27,20,19,24,12,24,22,,,,,,,,,
843,16.86,20,23,21,18,16,13,32,,,,,,,,,
844,16.88,17,19,33,22,13,13,23,,,,,,,,,
845,16.9,19,15,12,20,14,22,25,,,,,,,,,
846,16.92,22,25,27,20,21,18,25,,,,,,,,,
847,16.94,25,17,13,17,15,16,23,,,,,,,,,
848,16.96,25,16,21,22,16,23,21,,,,,,,,,
849,16.98,24,15,25,18,21,22,21,,,,,,,,,
850,17,14,18,18,16,23,27,17,,,,,,,,,
851,17.02,27,20,25,19,15,18,29,,,,,,,,,
852,17.04,16,26,16,17,20,27,21,,,,,,,,,
853,17.06,29,25,14,15,24,20,23,,,,,,,,,
854,17.08,24,25,22,17,14,17,24,,,,,,,,,
855,17.1,21,17,34,9,14,22,19,,,,,,,,,
856,17.12,29,22,26,25,28,20,24,,,,,,,,,
857,17.14,24,21,29,23,20,20,29,,,,,,,,,
858,17.16,34,17,31,16,26,17,22,,,,,,,,,
859,17.18,39,30,22,22,19,25,24,,,,,,,,,
860,17.2,24,22,25,17,26,31,32,,,,,,,,,
861,17.22,26,26,25,20,22,24,24,,,,,,,,,
862,17.24,29,23,27,28,28,27,30,,,,,,,,,
863,17.26,21,23,37,31,27,18,28,,,,,,,,,
864,17.28,23,31,25,25,20,27,25,,,,,,,,,
865,17.3,36,31,24,28,33,24,23,,,,,,,,,
866,17.32,29,23,36,34,28,30,30,,,,,,,,,
867,17.34,21,30,22,23,27,32,32,,,,,,,,,
868,17.36,29,30,23,28,33,38,40,,,,,,,,,
869,17.38,31,25,33,27,32,35,37,,,,,,,,,
870,17.4,37,37,33,20,38,31,37,,,,,,,,,
871,17.42,45,39,26,31,40,26,35,,,,,,,,,
872,17.44,36,38,42,41,38,25,43,,,,,,,,,
873,17.46,29,26,39,42,31,36,41,,,,,,,,,
874,17.48,42,39,45,33,51,26,45,,,,,,,,,
875,17.5,50,30,43,37,25,42,50,,,,,,,,,
876,17.52,32,49,39,43,28,46,50,,,,,,,,,
877,17.54,58,42,31,55,38,40,52,,,,,,,,,
878,17.56,56,49,57,48,49,58,60,,,,,,,,,
879,17.58,64,47,54,45,54,59,69,,,,,,,,,
880,17.6,81,52,68,71,52,57,86,,,,,,,,,
881,17.62,75,71,67,54,61,56,81,,,,,,,,,
882,17.64,92,54,85,64,58,75,92,,,,,,,,,
883,17.66,86,58,65,61,66,70,108,,,,,,,,,
884,17.68,74,72,76,52,63,64,91,,,,,,,,,
885,17.7,77,53,74,52,65,69,95,,,,,,,,,
886,17.72,69,72,67,52,63,64,87,,,,,,,,,
887,17.74,74,54,64,62,71,68,86,,,,,,,,,
888,17.76,70,45,69,55,47,49,78,,,,,,,,,
889,17.78,53,62,41,53,40,44,76,,,,,,,,,
890,17.8,55,49,53,46,44,40,58,,,,,,,,,
891,17.82,48,34,45,32,40,49,53,,,,,,,,,
892,17.84,51,41,44,39,32,33,66,,,,,,,,,
893,17.86,52,52,41,43,36,35,32,,,,,,,,,
894,17.88,46,29,53,29,44,38,40,,,,,,,,,
895,17.9,37,35,48,44,37,51,45,,,,,,,,,
896,17.92,51,28,53,31,43,44,45,,,,,,,,,
897,17.94,43,26,40,38,50,45,48,,,,,,,,,
898,17.96,44,51,59,34,35,34,47,,,,,,,,,
899,17.98,53,45,34,38,36,38,56,,,,,,,,,
900,18,56,44,37,47,47,33,48,,,,,,,,,
901,18.02,41,40,50,39,38,38,56,,,,,,,,,
902,18.04,48,52,53,41,50,46,50,,,,,,,,,
903,18.06,55,38,50,43,44,52,56,,,,,,,,,
904,18.08,49,45,46,44,39,37,53,,,,,,,,,
905,18.1,56,33,46,40,41,37,56,,,,,,,,,
906,18.12,60,30,41,43,36,57,45,,,,,,,,,
907,18.14,44,41,49,47,49,53,43,,,,,,,,,
908,18.16,46,39,46,44,44,52,49,,,,,,,,,
909,18.18,61,39,50,48,43,45,41,,,,,,,,,
910,18.2,49,48,52,47,49,31,50,,,,,,,,,
911,18.22,43,60,47,42,52,36,37,,,,,,,,,
912,18.24,58,40,56,48,44,40,36,,,,,,,,,
913,18.26,55,53,60,50,37,52,52,,,,,,,,,
914,18.28,56,41,45,54,48,46,52,,,,,,,,,
915,18.3,50,52,46,52,47,49,58,,,,,,,,,
916,18.32,56,57,56,61,46,45,62,,,,,,,,,
917,18.34,62,39,61,48,67,53,54,,,,,,,,,
918,18.36,58,49,60,46,45,57,61,,,,,,,,,
919,18.38,71,54,74,48,60,43,59,,,,,,,,,
920,18.4,69,51,62,50,65,55,75,,,,,,,,,
921,18.42,58,70,73,51,65,60,68,,,,,,,,,
922,18.44,79,62,68,64,56,66,86,,,,,,,,,
923,18.46,73,67,68,58,67,58,62,,,,,,,,,
924,18.48,68,64,70,62,61,68,65,,,,,,,,,
925,18.5,64,59,66,74,63,86,78,,,,,,,,,
926,18.52,74,64,76,67,65,75,68,,,,,,,,,
927,18.54,97,77,75,79,67,60,101,,,,,,,,,
928,18.56,84,74,71,81,81,76,84,,,,,,,,,
929,18.58,100,72,72,85,68,99,90,,,,,,,,,
930,18.6,94,92,98,94,79,98,89,,,,,,,,,
931,18.62,102,79,81,88,98,94,88,,,,,,,,,
932,18.64,87,95,96,104,96,115,96,,,,,,,,,
933,18.66,99,101,104,108,109,103,102,,,,,,,,,
934,18.68,120,93,107,102,112,107,116,,,,,,,,,
935,18.7,115,93,109,117,112,125,117,,,,,,,,,
936,18.72,119,100,107,109,116,118,116,,,,,,,,,
937,18.74,115,110,126,115,97,115,114,,,,,,,,,
938,18.76,134,111,126,93,125,114,141,,,,,,,,,
939,18.78,132,117,147,127,120,142,138,,,,,,,,,
940,18.8,117,119,123,145,116,141,137,,,,,,,,,
941,18.82,136,126,135,140,156,141,140,,,,,,,,,
942,18.84,167,133,159,156,150,138,152,,,,,,,,,
943,18.86,155,132,175,153,147,163,155,,,,,,,,,
944,18.88,169,141,156,159,163,141,147,,,,,,,,,
945,18.9,142,163,178,150,161,168,158,,,,,,,,,
946,18.92,166,182,190,167,156,163,167,,,,,,,,,
947,18.94,191,175,160,180,165,167,211,,,,,,,,,
948,18.96,191,155,163,153,166,218,201,,,,,,,,,
949,18.98,177,185,167,154,174,188,207,,,,,,,,,
950,19,185,153,178,168,171,202,184,,,,,,,,,
951,19.02,201,200,187,182,189,220,244,,,,,,,,,
952,19.04,193,186,203,172,155,209,229,,,,,,,,,
953,19.06,200,177,189,179,171,196,210,,,,,,,,,
954,19.08,200,185,193,189,175,205,223,,,,,,,,,
955,19.1,198,192,198,174,204,198,239,,,,,,,,,
956,19.12,240,163,205,152,185,196,222,,,,,,,,,
957,19.14,204,177,203,179,197,187,230,,,,,,,,,
958,19.16,203,188,200,137,180,172,240,,,,,,,,,
959,19.18,195,181,181,168,177,195,189,,,,,,,,,
960,19.2,181,141,179,136,166,192,191,,,,,,,,,
961,19.22,207,171,178,146,163,202,223,,,,,,,,,
962,19.24,221,169,176,146,130,195,189,,,,,,,,,
963,19.26,181,162,168,157,158,173,190,,,,,,,,,
964,19.28,181,150,165,138,157,178,185,,,,,,,,,
965,19.3,171,130,178,121,144,162,206,,,,,,,,,
966,19.32,160,166,186,133,154,151,176,,,,,,,,,
967,19.34,139,138,143,120,123,169,184,,,,,,,,,
968,19.36,153,147,151,113,128,166,170,,,,,,,,,
969,19.38,146,143,142,98,151,162,154,,,,,,,,,
970,19.4,149,135,150,126,115,120,142,,,,,,,,,
971,19.42,146,142,122,104,131,137,153,,,,,,,,,
972,19.44,124,134,135,100,103,135,167,,,,,,,,,
973,19.46,109,130,139,103,108,138,158,,,,,,,,,
974,19.48,135,102,105,81,97,127,126,,,,,,,,,
975,19.5,120,111,127,98,120,102,133,,,,,,,,,
976,19.52,134,112,114,101,79,123,151,,,,,,,,,
977,19.54,110,104,95,97,94,105,128,,,,,,,,,
978,19.56,100,111,111,92,96,117,126,,,,,,,,,
979,19.58,108,100,88,88,67,91,123,,,,,,,,,
980,19.6,88,96,85,83,103,88,102,,,,,,,,,
981,19.62,89,83,105,74,74,96,111,,,,,,,,,
982,19.64,111,89,94,71,82,88,101,,,,,,,,,
983,19.66,83,90,90,79,89,98,96,,,,,,,,,
984,19.68,99,86,83,76,81,88,117,,,,,,,,,
985,19.7,94,71,89,74,77,76,71,,,,,,,,,
986,19.72,91,72,85,76,68,84,83,,,,,,,,,
987,19.74,94,76,71,80,76,69,88,,,,,,,,,
988,19.76,91,67,82,70,77,84,84,,,,,,,,,
989,19.78,64,74,71,69,77,93,73,,,,,,,,,
990,19.8,75,67,63,90,63,59,95,,,,,,,,,
991,19.82,86,76,83,78,82,68,94,,,,,,,,,
992,19.84,78,74,75,66,73,78,88,,,,,,,,,
993,19.86,71,74,81,65,70,73,102,,,,,,,,,
994,19.88,87,88,77,78,77,78,94,,,,,,,,,
995,19.9,74,73,80,80,92,80,108,,,,,,,,,
996,19.92,84,87,109,80,72,100,98,,,,,,,,,
997,19.94,110,76,80,78,89,92,115,,,,,,,,,
998,19.96,107,101,114,81,105,122,125,,,,,,,,,
999,19.98,124,105,138,101,92,124,135,,,,,,,,,
1000,20,116,119,146,106,116,116,157,,,,,,,,,
1001,20.02,123,123,145,112,120,117,155,,,,,,,,,
1002,20.04,152,156,159,120,132,174,149,,,,,,,,,
1003,20.06,161,149,164,147,159,143,176,,,,,,,,,
1004,20.08,183,175,160,165,155,182,192,,,,,,,,,
1005,20.1,177,171,201,162,191,155,200,,,,,,,,,
1006,20.12,226,173,206,176,197,181,212,,,,,,,,,
1007,20.14,200,227,197,166,198,208,214,,,,,,,,,
1008,20.16,231,209,190,167,196,206,216,,,,,,,,,
1009,20.18,242,208,210,176,190,206,245,,,,,,,,,
1010,20.2,220,200,192,187,162,184,262,,,,,,,,,
1011,20.22,218,181,215,165,196,186,203,,,,,,,,,
1012,20.24,208,204,180,174,149,216,207,,,,,,,,,
1013,20.26,216,200,203,176,175,175,210,,,,,,,,,
1014,20.28,197,170,168,163,159,170,176,,,,,,,,,
1015,20.3,158,156,161,140,137,141,181,,,,,,,,,
1016,20.32,174,128,146,127,136,149,181,,,,,,,,,
1017,20.34,156,122,131,116,124,157,152,,,,,,,,,
1018,20.36,103,110,104,96,126,113,127,,,,,,,,,
1019,20.38,114,107,98,114,95,100,129,,,,,,,,,
1020,20.4,91,92,90,98,100,98,103,,,,,,,,,
1021,20.42,84,75,94,92,68,100,94,,,,,,,,,
1022,20.44,110,79,78,76,72,84,84,,,,,,,,,
1023,20.46,94,77,81,88,64,65,92,,,,,,,,,
1024,20.48,88,78,73,64,61,91,79,,,,,,,,,
1025,20.5,74,88,86,71,70,98,82,,,,,,,,,
1026,20.52,94,63,92,74,80,78,94,,,,,,,,,
1027,20.54,74,92,85,67,70,83,84,,,,,,,,,
1028,20.56,88,90,74,78,66,78,99,,,,,,,,,
1029,20.58,76,80,77,85,82,96,103,,,,,,,,,
1030,20.6,105,74,84,76,99,83,81,,,,,,,,,
1031,20.62,81,81,100,74,78,71,93,,,,,,,,,
1032,20.64,98,95,88,79,84,80,105,,,,,,,,,
1033,20.66,75,83,91,72,66,84,94,,,,,,,,,
1034,20.68,84,78,66,95,87,85,90,,,,,,,,,
1035,20.7,101,94,79,92,87,90,79,,,,,,,,,
1036,20.72,95,90,94,105,80,100,107,,,,,,,,,
1037,20.74,79,92,85,87,92,108,98,,,,,,,,,
1038,20.76,86,84,83,98,95,81,100,,,,,,,,,
1039,20.78,102,103,94,85,90,86,95,,,,,,,,,
1040,20.8,85,108,83,77,102,94,103,,,,,,,,,
1041,20.82,95,85,113,80,110,107,109,,,,,,,,,
1042,20.84,98,103,96,92,76,92,104,,,,,,,,,
1043,20.86,117,98,94,93,100,117,110,,,,,,,,,
1044,20.88,130,78,85,104,104,104,111,,,,,,,,,
1045,20.9,120,97,104,107,109,112,106,,,,,,,,,
1046,20.92,120,113,99,103,91,115,133,,,,,,,,,
1047,20.94,114,104,102,87,119,92,124,,,,,,,,,
1048,20.96,132,111,99,91,119,103,151,,,,,,,,,
1049,20.98,119,109,127,106,95,119,115,,,,,,,,,
1050,21,115,113,120,100,123,101,129,,,,,,,,,
1051,21.02,115,129,121,125,99,99,135,,,,,,,,,
1052,21.04,122,106,116,128,127,124,147,,,,,,,,,
1053,21.06,122,123,141,111,115,138,140,,,,,,,,,
1054,21.08,135,107,128,123,133,133,138,,,,,,,,,
1055,21.1,131,107,113,106,111,133,137,,,,,,,,,
1056,21.12,142,136,129,117,119,135,144,,,,,,,,,
1057,21.14,129,135,130,114,140,154,168,,,,,,,,,
1058,21.16,167,134,118,123,119,150,158,,,,,,,,,
1059,21.18,140,144,154,114,109,132,164,,,,,,,,,
1060,21.2,135,138,146,141,131,137,145,,,,,,,,,
1061,21.22,136,139,144,120,149,140,191,,,,,,,,,
1062,21.24,163,154,154,129,128,155,151,,,,,,,,,
1063,21.26,151,162,138,141,137,139,176,,,,,,,,,
1064,21.28,144,154,172,108,151,141,151,,,,,,,,,
1065,21.3,195,156,147,143,141,166,166,,,,,,,,,
1066,21.32,166,155,145,108,146,156,150,,,,,,,,,
1067,21.34,164,161,150,137,146,133,160,,,,,,,,,
1068,21.36,169,161,164,122,146,152,173,,,,,,,,,
1069,21.38,168,152,158,123,149,174,173,,,,,,,,,
1070,21.4,155,155,167,135,136,141,140,,,,,,,,,
1071,21.42,152,157,147,128,152,138,158,,,,,,,,,
1072,21.44,158,142,140,145,160,135,171,,,,,,,,,
1073,21.46,166,136,158,131,149,168,179,,,,,,,,,
1074,21.48,149,162,134,154,167,149,171,,,,,,,,,
1075,21.5,164,150,145,141,124,126,153,,,,,,,,,
1076,21.52,157,156,153,160,145,154,169,,,,,,,,,
1077,21.54,134,140,154,134,146,152,154,,,,,,,,,
1078,21.56,151,155,165,107,152,140,191,,,,,,,,,
1079,21.58,169,156,166,118,127,132,166,,,,,,,,,
1080,21.6,154,134,145,121,127,157,153,,,,,,,,,
1081,21.62,131,125,166,118,131,156,171,,,,,,,,,
1082,21.64,154,137,159,122,100,130,160,,,,,,,,,
1083,21.66,155,150,143,130,128,142,174,,,,,,,,,
1084,21.68,144,127,146,109,107,133,166,,,,,,,,,
1085,21.7,149,135,138,126,117,119,157,,,,,,,,,
1086,21.72,128,113,174,96,129,136,155,,,,,,,,,
1087,21.74,144,133,136,121,122,133,127,,,,,,,,,
1088,21.76,139,127,125,116,134,131,161,,,,,,,,,
1089,21.78,130,129,139,97,106,109,135,,,,,,,,,
1090,21.8,130,133,129,110,106,150,149,,,,,,,,,
1091,21.82,120,116,141,111,124,129,150,,,,,,,,,
1092,21.84,136,123,150,108,120,114,148,,,,,,,,,
1093,21.86,145,124,118,99,112,138,137,,,,,,,,,
1094,21.88,125,128,133,119,129,96,158,,,,,,,,,
1095,21.9,127,114,109,96,90,123,129,,,,,,,,,
1096,21.92,118,125,119,88,125,117,119,,,,,,,,,
1097,21.94,101,126,121,100,120,115,131,,,,,,,,,
1098,21.96,145,135,117,93,101,110,138,,,,,,,,,
1099,21.98,119,111,105,99,106,109,126,,,,,,,,,
1100,22,124,113,112,121,120,124,139,,,,,,,,,
1101,22.02,126,82,114,108,97,106,135,,,,,,,,,
1102,22.04,122,103,117,90,120,97,109,,,,,,,,,
1103,22.06,130,110,105,101,94,144,116,,,,,,,,,
1104,22.08,122,121,94,106,107,86,145,,,,,,,,,
1105,22.1,138,120,122,105,92,118,114,,,,,,,,,
1106,22.12,99,110,102,113,124,117,136,,,,,,,,,
1107,22.14,106,117,97,102,113,111,112,,,,,,,,,
1108,22.16,113,107,116,106,111,116,119,,,,,,,,,
1109,22.18,100,100,113,87,106,102,110,,,,,,,,,
1110,22.2,108,101,97,104,101,103,108,,,,,,,,,
1111,22.22,134,93,98,100,110,90,121,,,,,,,,,
1112,22.24,107,104,128,100,95,102,137,,,,,,,,,
1113,22.26,130,120,112,112,93,95,153,,,,,,,,,
1114,22.28,110,111,114,97,95,90,118,,,,,,,,,
1115,22.3,112,119,94,106,112,106,113,,,,,,,,,
1116,22.32,141,95,107,87,91,87,122,,,,,,,,,
1117,22.34,128,117,107,96,92,102,127,,,,,,,,,
1118,22.36,117,104,97,97,106,103,132,,,,,,,,,
1119,22.38,104,99,110,79,84,99,103,,,,,,,,,
1120,22.4,99,118,106,116,94,105,103,,,,,,,,,
1121,22.42,126,111,105,112,106,104,132,,,,,,,,,
1122,22.44,106,93,104,99,115,103,137,,,,,,,,,
1123,22.46,109,106,109,95,105,102,115,,,,,,,,,
1124,22.48,133,116,122,108,118,131,114,,,,,,,,,
1125,22.5,135,116,118,93,77,102,128,,,,,,,,,
1126,22.52,129,119,103,109,105,120,105,,,,,,,,,
1127,22.54,123,127,126,110,112,119,136,,,,,,,,,
1128,22.56,118,137,140,107,116,106,127,,,,,,,,,
1129,22.58,132,131,134,117,111,129,148,,,,,,,,,
1130,22.6,143,106,139,127,130,119,164,,,,,,,,,
1131,22.62,133,125,149,127,122,151,167,,,,,,,,,
1132,22.64,157,145,135,151,131,137,165,,,,,,,,,
1133,22.66,159,164,165,157,145,160,191,,,,,,,,,
1134,22.68,177,149,173,134,147,153,184,,,,,,,,,
1135,22.7,158,165,154,149,157,154,214,,,,,,,,,
1136,22.72,160,149,183,164,133,175,143,,,,,,,,,
1137,22.74,200,162,160,143,166,176,143,,,,,,,,,
1138,22.76,164,179,155,148,147,157,193,,,,,,,,,
1139,22.78,169,132,138,118,145,177,157,,,,,,,,,
1140,22.8,170,141,141,142,149,147,199,,,,,,,,,
1141,22.82,160,148,139,124,148,162,163,,,,,,,,,
1142,22.84,149,135,137,117,130,127,162,,,,,,,,,
1143,22.86,161,139,134,117,130,132,151,,,,,,,,,
1144,22.88,141,121,119,117,122,111,128,,,,,,,,,
1145,22.9,147,128,141,105,139,129,151,,,,,,,,,
1146,22.92,130,106,134,127,123,127,140,,,,,,,,,
1147,22.94,127,106,100,106,101,109,132,,,,,,,,,
1148,22.96,128,122,104,116,112,140,129,,,,,,,,,
1149,22.98,125,124,109,115,108,103,135,,,,,,,,,
1150,23,123,117,139,83,92,129,127,,,,,,,,,
1151,23.02,116,126,110,102,101,111,126,,,,,,,,,
1152,23.04,130,115,126,121,107,120,123,,,,,,,,,
1153,23.06,144,124,121,97,117,120,116,,,,,,,,,
1154,23.08,114,109,122,118,124,117,138,,,,,,,,,
1155,23.1,150,138,140,105,102,116,134,,,,,,,,,
1156,23.12,141,106,120,102,108,106,142,,,,,,,,,
1157,23.14,145,124,125,123,88,134,153,,,,,,,,,
1158,23.16,150,131,129,118,109,130,144,,,,,,,,,
1159,23.18,150,143,128,108,110,119,129,,,,,,,,,
1160,23.2,144,124,109,108,129,120,137,,,,,,,,,
1161,23.22,141,118,131,108,111,127,125,,,,,,,,,
1162,23.24,144,108,132,125,110,141,128,,,,,,,,,
1163,23.26,139,108,123,97,122,132,141,,,,,,,,,
1164,23.28,111,110,119,116,119,118,147,,,,,,,,,
1165,23.3,129,105,116,114,113,124,136,,,,,,,,,
1166,23.32,118,103,114,113,114,104,144,,,,,,,,,
1167,23.34,136,117,125,103,92,129,141,,,,,,,,,
1168,23.36,131,98,135,93,107,118,131,,,,,,,,,
1169,23.38,129,95,105,107,111,119,142,,,,,,,,,
1170,23.4,124,103,114,110,112,90,120,,,,,,,,,
1171,23.42,132,124,108,104,108,123,130,,,,,,,,,
1172,23.44,129,120,123,125,111,137,147,,,,,,,,,
1173,23.46,121,124,131,109,109,106,134,,,,,,,,,
1174,23.48,142,120,118,111,97,134,156,,,,,,,,,
1175,23.5,106,121,123,97,100,129,169,,,,,,,,,
1176,23.52,131,109,128,108,127,112,142,,,,,,,,,
1177,23.54,131,132,149,114,117,115,142,,,,,,,,,
1178,23.56,130,140,150,113,122,131,147,,,,,,,,,
1179,23.58,122,137,136,96,125,118,143,,,,,,,,,
1180,23.6,133,125,121,115,116,146,135,,,,,,,,,
1181,23.62,131,122,128,115,107,149,151,,,,,,,,,
1182,23.64,124,126,131,97,99,151,133,,,,,,,,,
1183,23.66,121,120,107,107,112,113,142,,,,,,,,,
1184,23.68,139,128,96,116,105,132,133,,,,,,,,,
1185,23.7,131,115,145,103,119,108,130,,,,,,,,,
1186,23.72,127,130,118,96,126,111,136,,,,,,,,,
1187,23.74,143,136,114,116,127,129,120,,,,,,,,,
1188,23.76,126,111,121,106,126,132,150,,,,,,,,,
1189,23.78,148,118,132,136,104,115,125,,,,,,,,,
1190,23.8,130,118,133,124,128,129,142,,,,,,,,,
1191,23.82,119,110,118,121,125,116,124,,,,,,,,,
1192,23.84,118,133,135,111,121,120,133,,,,,,,,,
1193,23.86,159,130,138,125,101,134,139,,,,,,,,,
1194,23.88,152,125,119,129,110,125,132,,,,,,,,,
1195,23.9,125,126,120,107,127,137,150,,,,,,,,,
1196,23.92,145,134,151,108,123,136,168,,,,,,,,,
1197,23.94,136,130,130,113,121,143,148,,,,,,,,,
1198,23.96,138,150,142,106,99,123,159,,,,,,,,,
1199,23.98,128,138,107,119,120,135,141,,,,,,,,,
1200,24,128,129,152,106,133,134,152,,,,,,,,,
1201,24.02,150,130,124,123,128,139,147,,,,,,,,,
1202,24.04,141,117,127,125,126,136,149,,,,,,,,,
1203,24.06,122,124,143,94,131,134,134,,,,,,,,,
1204,24.08,139,126,132,124,116,132,140,,,,,,,,,
1205,24.1,141,118,132,135,112,140,168,,,,,,,,,
1206,24.12,131,119,136,147,123,130,134,,,,,,,,,
1207,24.14,156,118,131,119,115,130,144,,,,,,,,,
1208,24.16,132,140,132,105,113,125,151,,,,,,,,,
1209,24.18,143,113,135,122,123,131,147,,,,,,,,,
1210,24.2,148,137,117,127,122,141,155,,,,,,,,,
1211,24.22,148,125,138,126,130,111,161,,,,,,,,,
1212,24.24,146,107,133,121,122,135,149,,,,,,,,,
1213,24.26,141,138,143,100,108,135,156,,,,,,,,,
1214,24.28,138,136,132,115,112,163,149,,,,,,,,,
1215,24.3,146,128,146,147,134,131,136,,,,,,,,,
1216,24.32,145,139,132,115,135,127,163,,,,,,,,,
1217,24.34,144,147,155,106,125,140,143,,,,,,,,,
1218,24.36,130,128,137,106,131,135,150,,,,,,,,,
1219,24.38,152,141,144,111,142,140,160,,,,,,,,,
1220,24.4,154,136,131,105,125,135,139,,,,,,,,,
1221,24.42,140,127,146,133,131,130,142,,,,,,,,,
1222,24.44,154,149,146,128,120,140,130,,,,,,,,,
1223,24.46,120,141,152,126,126,127,150,,,,,,,,,
1224,24.48,150,141,138,129,146,142,164,,,,,,,,,
1225,24.5,159,147,117,111,111,139,169,,,,,,,,,
1226,24.52,128,140,129,101,144,128,154,,,,,,,,,
1227,24.54,157,138,134,107,111,145,167,,,,,,,,,
1228,24.56,113,140,136,130,126,154,122,,,,,,,,,
1229,24.58,134,149,145,126,140,161,156,,,,,,,,,
1230,24.6,159,137,137,123,134,136,136,,,,,,,,,
1231,24.62,144,141,143,123,138,149,164,,,,,,,,,
1232,24.64,150,133,150,109,116,138,142,,,,,,,,,
1233,24.66,128,119,145,132,120,125,170,,,,,,,,,
1234,24.68,130,133,152,146,146,142,167,,,,,,,,,
1235,24.7,159,145,116,119,142,151,166,,,,,,,,,
1236,24.72,167,119,143,125,116,128,135,,,,,,,,,
1237,24.74,161,129,130,139,140,155,165,,,,,,,,,
1238,24.76,144,139,130,124,136,144,153,,,,,,,,,
1239,24.78,157,125,143,120,133,137,167,,,,,,,,,
1240,24.8,137,128,128,130,131,154,156,,,,,,,,,
1241,24.82,172,147,124,119,138,153,156,,,,,,,,,
1242,24.84,146,148,132,118,153,138,166,,,,,,,,,
1243,24.86,168,142,125,130,151,135,156,,,,,,,,,
1244,24.88,154,144,147,142,143,166,171,,,,,,,,,
1245,24.9,137,155,153,135,133,140,176,,,,,,,,,
1246,24.92,161,162,158,135,153,175,186,,,,,,,,,
1247,24.94,171,161,161,141,177,176,202,,,,,,,,,
1248,24.96,201,168,167,155,161,174,207,,,,,,,,,
1249,24.98,189,178,175,139,153,177,191,,,,,,,,,
1250,25,188,158,176,168,147,162,211,,,,,,,,,
1251,25.02,186,186,174,163,177,165,199,,,,,,,,,
1252,25.04,167,168,194,160,163,193,182,,,,,,,,,
1253,25.06,225,215,193,169,167,191,187,,,,,,,,,
1254,25.08,226,193,202,144,185,178,227,,,,,,,,,
1255,25.1,188,192,193,139,190,201,203,,,,,,,,,
1256,25.12,191,190,204,149,174,199,236,,,,,,,,,
1257,25.14,238,214,205,167,176,191,191,,,,,,,,,
1258,25.16,199,171,154,172,171,200,219,,,,,,,,,
1259,25.18,196,194,209,194,195,224,194,,,,,,,,,
1260,25.2,214,199,215,205,199,197,217,,,,,,,,,
1261,25.22,244,244,183,175,199,236,237,,,,,,,,,
1262,25.24,223,214,228,206,193,206,209,,,,,,,,,
1263,25.26,216,222,198,189,179,205,227,,,,,,,,,
1264,25.28,208,218,202,199,186,231,231,,,,,,,,,
1265,25.3,198,186,190,184,197,207,226,,,,,,,,,
1266,25.32,238,196,217,194,192,201,222,,,,,,,,,
1267,25.34,194,209,205,188,192,205,226,,,,,,,,,
1268,25.36,217,211,195,196,191,194,216,,,,,,,,,
1269,25.38,192,231,200,158,170,184,207,,,,,,,,,
1270,25.4,229,176,186,160,176,204,189,,,,,,,,,
1271,25.42,204,172,191,162,166,150,184,,,,,,,,,
1272,25.44,170,158,208,133,135,188,179,,,,,,,,,
1273,25.46,168,166,163,137,122,153,183,,,,,,,,,
1274,25.48,165,166,185,114,161,182,214,,,,,,,,,
1275,25.5,167,153,143,134,125,157,163,,,,,,,,,
1276,25.52,154,154,149,134,161,148,188,,,,,,,,,
1277,25.54,165,154,139,138,138,154,172,,,,,,,,,
1278,25.56,142,126,170,129,132,157,199,,,,,,,,,
1279,25.58,158,160,180,127,146,157,176,,,,,,,,,
1280,25.6,173,158,140,132,140,153,158,,,,,,,,,
1281,25.62,145,146,168,145,138,151,179,,,,,,,,,
1282,25.64,181,153,140,148,142,152,165,,,,,,,,,
1283,25.66,160,165,151,150,141,165,168,,,,,,,,,
1284,25.68,177,169,133,133,156,150,179,,,,,,,,,
1285,25.7,167,138,137,158,136,167,173,,,,,,,,,
1286,25.72,185,146,137,127,139,147,162,,,,,,,,,
1287,25.74,180,126,154,149,156,144,167,,,,,,,,,
1288,25.76,170,179,158,158,162,165,185,,,,,,,,,
1289,25.78,167,145,182,149,151,141,186,,,,,,,,,
1290,25.8,168,179,145,142,158,132,175,,,,,,,,,
1291,25.82,167,165,170,150,139,188,168,,,,,,,,,
1292,25.84,164,168,158,129,138,174,166,,,,,,,,,
1293,25.86,176,149,155,141,139,169,145,,,,,,,,,
1294,25.88,156,164,151,156,142,156,177,,,,,,,,,
1295,25.9,162,155,165,139,145,160,175,,,,,,,,,
1296,25.92,172,149,138,138,135,142,185,,,,,,,,,
1297,25.94,189,156,180,124,146,169,173,,,,,,,,,
1298,25.96,188,146,165,137,148,178,158,,,,,,,,,
1299,25.98,164,178,162,135,130,169,171,,,,,,,,,
1300,26,191,163,159,140,149,160,174,,,,,,,,,
1301,26.02,173,141,180,136,152,153,196,,,,,,,,,
1302,26.04,184,151,176,134,139,176,172,,,,,,,,,
1303,26.06,194,165,170,137,152,157,183,,,,,,,,,
1304,26.08,172,165,154,137,128,150,175,,,,,,,,,
1305,26.1,149,155,153,138,171,175,197,,,,,,,,,
1306,26.12,169,144,155,167,172,185,188,,,,,,,,,
1307,26.14,150,155,148,137,137,168,186,,,,,,,,,
1308,26.16,170,162,149,148,155,173,177,,,,,,,,,
1309,26.18,177,151,165,155,159,182,195,,,,,,,,,
1310,26.2,162,162,179,135,160,172,193,,,,,,,,,
1311,26.22,177,171,176,169,164,158,183,,,,,,,,,
1312,26.24,165,144,162,162,155,161,203,,,,,,,,,
1313,26.26,185,177,156,180,155,144,186,,,,,,,,,
1314,26.28,187,158,181,143,147,167,167,,,,,,,,,
1315,26.3,182,172,161,131,166,156,171,,,,,,,,,
1316,26.32,179,162,164,151,144,187,176,,,,,,,,,
1317,26.34,168,160,189,152,167,170,197,,,,,,,,,
1318,26.36,182,174,164,146,168,184,178,,,,,,,,,
1319,26.38,184,160,163,144,153,171,197,,,,,,,,,
1320,26.4,194,152,153,149,136,172,194,,,,,,,,,
1321,26.42,168,157,158,132,183,173,180,,,,,,,,,
1322,26.44,157,146,147,155,146,146,179,,,,,,,,,
1323,26.46,165,177,147,163,177,159,178,,,,,,,,,
1324,26.48,153,160,167,132,161,164,184,,,,,,,,,
1325,26.5,199,152,182,138,138,165,167,,,,,,,,,
1326,26.52,174,157,169,143,154,155,175,,,,,,,,,
1327,26.54,191,166,178,128,150,166,190,,,,,,,,,
1328,26.56,166,173,190,146,133,150,164,,,,,,,,,
1329,26.58,173,161,173,131,151,187,204,,,,,,,,,
1330,26.6,172,160,155,154,168,156,158,,,,,,,,,
1331,26.62,169,159,170,122,161,172,181,,,,,,,,,
1332,26.64,174,166,145,146,173,149,182,,,,,,,,,
1333,26.66,168,139,156,132,136,152,175,,,,,,,,,
1334,26.68,175,157,168,149,166,174,184,,,,,,,,,
1335,26.7,179,169,177,131,126,157,188,,,,,,,,,
1336,26.72,147,149,139,147,151,178,181,,,,,,,,,
1337,26.74,158,182,173,163,131,168,181,,,,,,,,,
1338,26.76,177,169,155,142,164,183,212,,,,,,,,,
1339,26.78,170,168,164,164,157,169,185,,,,,,,,,
1340,26.8,179,170,155,148,163,183,203,,,,,,,,,
1341,26.82,190,166,144,129,136,177,186,,,,,,,,,
1342,26.84,173,157,144,161,179,153,196,,,,,,,,,
1343,26.86,148,142,173,129,130,190,194,,,,,,,,,
1344,26.88,190,156,167,154,135,164,179,,,,,,,,,
1345,26.9,193,140,146,150,157,150,179,,,,,,,,,
1346,26.92,166,165,182,143,172,168,178,,,,,,,,,
1347,26.94,182,143,168,149,141,148,224,,,,,,,,,
1348,26.96,170,181,168,150,169,153,189,,,,,,,,,
1349,26.98,185,163,159,156,155,185,196,,,,,,,,,
1350,27,186,150,182,170,152,153,164,,,,,,,,,
1351,27.02,191,160,162,148,143,158,173,,,,,,,,,
1352,27.04,192,178,187,161,154,184,176,,,,,,,,,
1353,27.06,177,132,159,157,169,177,208,,,,,,,,,
1354,27.08,195,168,141,160,160,199,181,,,,,,,,,
1355,27.1,197,158,179,145,169,151,180,,,,,,,,,
1356,27.12,190,172,187,167,148,168,203,,,,,,,,,
1357,27.14,168,172,168,144,181,171,207,,,,,,,,,
1358,27.16,209,178,188,149,182,165,183,,,,,,,,,
1359,27.18,193,192,164,130,149,173,211,,,,,,,,,
1360,27.2,170,162,171,149,163,164,191,,,,,,,,,
1361,27.22,197,140,176,163,166,181,192,,,,,,,,,
1362,27.24,183,169,188,142,164,162,199,,,,,,,,,
1363,27.26,200,165,188,152,162,162,214,,,,,,,,,
1364,27.28,182,159,193,137,165,172,185,,,,,,,,,
1365,27.3,184,198,184,157,199,184,209,,,,,,,,,
1366,27.32,188,184,183,150,160,165,239,,,,,,,,,
1367,27.34,185,157,184,167,175,185,198,,,,,,,,,
1368,27.36,199,200,180,154,185,199,217,,,,,,,,,
1369,27.38,175,164,172,165,169,155,192,,,,,,,,,
1370,27.4,191,197,185,168,165,181,199,,,,,,,,,
1371,27.42,189,154,194,182,174,214,231,,,,,,,,,
1372,27.44,198,185,184,169,142,177,208,,,,,,,,,
1373,27.46,193,166,185,150,146,188,229,,,,,,,,,
1374,27.48,209,181,169,156,174,176,206,,,,,,,,,
1375,27.5,200,201,190,182,186,175,235,,,,,,,,,
1376,27.52,209,195,199,149,168,164,204,,,,,,,,,
1377,27.54,214,184,207,176,166,177,208,,,,,,,,,
1378,27.56,206,189,167,165,178,182,203,,,,,,,,,
1379,27.58,216,158,185,141,153,182,193,,,,,,,,,
1380,27.6,189,164,174,172,150,166,200,,,,,,,,,
1381,27.62,163,171,201,153,158,177,168,,,,,,,,,
1382,27.64,172,174,168,169,180,193,210,,,,,,,,,
1383,27.66,175,163,157,174,168,154,241,,,,,,,,,
1384,27.68,185,160,185,176,189,157,185,,,,,,,,,
1385,27.7,180,167,187,168,172,178,195,,,,,,,,,
1386,27.72,195,198,183,137,161,162,184,,,,,,,,,
1387,27.74,196,156,173,161,142,169,180,,,,,,,,,
1388,27.76,207,167,164,136,165,195,192,,,,,,,,,
1389,27.78,186,148,176,143,158,161,197,,,,,,,,,
1390,27.8,181,170,163,173,158,148,182,,,,,,,,,
1391,27.82,183,153,171,153,157,185,166,,,,,,,,,
1392,27.84,192,185,167,165,147,184,200,,,,,,,,,
1393,27.86,195,181,164,142,156,185,206,,,,,,,,,
1394,27.88,177,176,192,136,147,172,193,,,,,,,,,
1395,27.9,170,159,153,146,156,164,169,,,,,,,,,
1396,27.92,198,187,144,144,168,149,200,,,,,,,,,
1397,27.94,167,177,171,151,165,190,173,,,,,,,,,
1398,27.96,206,158,170,150,172,186,175,,,,,,,,,
1399,27.98,179,185,177,151,148,180,211,,,,,,,,,
1400,28,211,158,176,154,149,191,175,,,,,,,,,
1401,28.02,189,180,192,169,142,188,194,,,,,,,,,
1402,28.04,162,176,181,167,174,170,184,,,,,,,,,
1403,28.06,187,173,176,150,159,147,187,,,,,,,,,
1404,28.08,175,155,197,139,172,156,203,,,,,,,,,
1405,28.1,189,182,171,155,174,173,213,,,,,,,,,
1406,28.12,193,193,157,174,159,162,187,,,,,,,,,
1407,28.14,200,163,185,137,144,188,194,,,,,,,,,
1408,28.16,186,180,170,161,148,173,200,,,,,,,,,
1409,28.18,191,177,183,137,178,175,192,,,,,,,,,
1410,28.2,203,172,159,139,173,186,201,,,,,,,,,
1411,28.22,191,156,157,155,154,185,189,,,,,,,,,
1412,28.24,200,162,165,140,152,187,227,,,,,,,,,
1413,28.26,212,166,177,176,180,160,194,,,,,,,,,
1414,28.28,219,156,197,166,171,163,207,,,,,,,,,
1415,28.3,200,178,176,161,170,199,187,,,,,,,,,
1416,28.32,203,180,173,182,168,163,191,,,,,,,,,
1417,28.34,207,197,187,196,160,184,197,,,,,,,,,
1418,28.36,207,177,179,163,158,180,213,,,,,,,,,
1419,28.38,190,196,196,139,193,180,184,,,,,,,,,
1420,28.4,215,186,185,168,163,179,213,,,,,,,,,
1421,28.42,195,176,206,180,163,171,208,,,,,,,,,
1422,28.44,198,187,178,177,159,185,185,,,,,,,,,
1423,28.46,222,194,180,161,201,168,189,,,,,,,,,
1424,28.48,191,184,187,187,179,185,211,,,,,,,,,
1425,28.5,197,197,196,172,166,201,241,,,,,,,,,
1426,28.52,212,165,159,159,161,212,199,,,,,,,,,
1427,28.54,182,215,183,164,181,205,231,,,,,,,,,
1428,28.56,191,189,185,161,151,178,181,,,,,,,,,
1429,28.58,196,185,194,171,184,159,226,,,,,,,,,
1430,28.6,217,180,181,168,177,174,206,,,,,,,,,
1431,28.62,174,177,199,155,181,177,188,,,,,,,,,
1432,28.64,206,180,186,173,191,175,204,,,,,,,,,
1433,28.66,187,196,172,164,164,161,173,,,,,,,,,
1434,28.68,190,166,179,149,174,173,200,,,,,,,,,
1435,28.7,176,158,195,148,186,188,189,,,,,,,,,
1436,28.72,195,184,152,152,158,193,187,,,,,,,,,
1437,28.74,176,161,166,177,159,167,188,,,,,,,,,
1438,28.76,179,173,172,166,184,179,207,,,,,,,,,
1439,28.78,170,179,180,167,150,156,189,,,,,,,,,
1440,28.8,196,208,188,149,166,183,199,,,,,,,,,
1441,28.82,169,182,173,147,157,185,179,,,,,,,,,
1442,28.84,184,161,194,145,143,167,194,,,,,,,,,
1443,28.86,185,156,178,136,178,181,190,,,,,,,,,
1444,28.88,202,176,163,169,174,196,202,,,,,,,,,
1445,28.9,190,171,178,137,157,161,215,,,,,,,,,
1446,28.92,174,164,201,162,180,172,191,,,,,,,,,
1447,28.94,191,181,167,146,144,185,197,,,,,,,,,
1448,28.96,197,180,183,171,198,180,176,,,,,,,,,
1449,28.98,214,175,185,145,155,176,196,,,,,,,,,
1450,29,204,181,173,129,169,163,199,,,,,,,,,
1451,29.02,179,173,188,159,176,175,187,,,,,,,,,
1452,29.04,184,192,202,156,166,176,193,,,,,,,,,
1453,29.06,192,162,199,157,171,180,197,,,,,,,,,
1454,29.08,203,169,166,152,165,193,204,,,,,,,,,
1455,29.1,183,193,201,158,158,156,208,,,,,,,,,
1456,29.12,193,189,173,163,156,152,187,,,,,,,,,
1457,29.14,191,156,183,171,152,183,198,,,,,,,,,
1458,29.16,187,189,183,160,151,190,213,,,,,,,,,
1459,29.18,187,186,169,147,195,175,203,,,,,,,,,
1460,29.2,184,170,150,162,162,174,197,,,,,,,,,
1461,29.22,188,189,165,166,170,186,214,,,,,,,,,
1462,29.24,194,176,194,163,145,172,206,,,,,,,,,
1463,29.26,174,170,162,155,172,182,202,,,,,,,,,
1464,29.28,170,181,210,148,160,148,195,,,,,,,,,
1465,29.3,166,187,212,176,169,160,183,,,,,,,,,
1466,29.32,189,184,173,167,159,179,178,,,,,,,,,
1467,29.34,224,172,187,159,149,175,181,,,,,,,,,
1468,29.36,229,199,185,165,174,192,195,,,,,,,,,
1469,29.38,183,178,193,169,190,153,203,,,,,,,,,
1470,29.4,200,204,176,162,163,182,190,,,,,,,,,
1471,29.42,184,179,183,172,189,156,173,,,,,,,,,
1472,29.44,180,191,167,167,166,178,195,,,,,,,,,
1473,29.46,185,200,197,160,143,163,216,,,,,,,,,
1474,29.48,179,181,221,141,159,175,206,,,,,,,,,
1475,29.5,175,176,180,146,169,153,196,,,,,,,,,
1476,29.52,198,195,180,151,186,164,190,,,,,,,,,
1477,29.54,184,195,173,129,173,194,157,,,,,,,,,
1478,29.56,193,186,175,168,156,180,209,,,,,,,,,
1479,29.58,178,168,188,178,180,179,222,,,,,,,,,
1480,29.6,200,177,162,181,145,166,203,,,,,,,,,
1481,29.62,190,189,185,172,183,184,193,,,,,,,,,
1482,29.64,186,188,180,170,177,185,222,,,,,,,,,
1483,29.66,197,184,172,154,180,180,195,,,,,,,,,
1484,29.68,222,180,195,193,168,154,184,,,,,,,,,
1485,29.7,183,170,175,149,159,170,211,,,,,,,,,
1486,29.72,186,187,184,150,152,157,213,,,,,,,,,
1487,29.74,198,172,146,157,172,174,206,,,,,,,,,
1488,29.76,181,196,163,165,169,166,200,,,,,,,,,
1489,29.78,185,154,174,151,162,161,221,,,,,,,,,
1490,29.8,191,183,175,149,176,189,189,,,,,,,,,
1491,29.82,177,183,177,137,162,174,198,,,,,,,,,
1492,29.84,178,170,156,160,189,211,170,,,,,,,,,
1493,29.86,190,187,201,172,179,174,192,,,,,,,,,
1494,29.88,205,173,146,160,186,208,210,,,,,,,,,
1495,29.9,207,196,169,173,175,145,200,,,,,,,,,
1496,29.92,195,181,155,165,168,182,172,,,,,,,,,
1497,29.94,177,159,164,154,164,179,192,,,,,,,,,
1498,29.96,171,160,180,162,159,156,201,,,,,,,,,
1499,29.98,210,187,187,163,150,165,191,,,,,,,,,
1500,30,176,175,183,141,159,178,182,,,,,,,,,
1501,30.02,204,184,174,154,154,165,186,,,,,,,,,
1502,30.04,206,183,190,137,122,176,212,,,,,,,,,
1503,30.06,185,153,180,137,164,162,182,,,,,,,,,
1504,30.08,183,166,183,173,156,160,206,,,,,,,,,
1505,30.1,194,179,148,156,165,198,183,,,,,,,,,
1506,30.12,147,163,199,166,148,181,178,,,,,,,,,
1507,30.14,187,195,184,177,174,181,203,,,,,,,,,
1508,30.16,187,206,180,165,171,160,193,,,,,,,,,
1509,30.18,206,164,175,142,175,166,182,,,,,,,,,
1510,30.2,167,155,157,156,151,154,227,,,,,,,,,
1511,30.22,184,168,157,148,159,174,222,,,,,,,,,
1512,30.24,182,186,191,167,161,176,200,,,,,,,,,
1513,30.26,195,198,155,157,165,182,183,,,,,,,,,
1514,30.28,156,170,177,187,173,177,205,,,,,,,,,
1515,30.3,194,172,174,164,158,179,194,,,,,,,,,
1516,30.32,178,172,181,129,160,167,181,,,,,,,,,
1517,30.34,179,191,177,141,169,157,178,,,,,,,,,
1518,30.36,194,172,174,142,183,178,190,,,,,,,,,
1519,30.38,197,176,198,143,166,180,181,,,,,,,,,
1520,30.4,192,183,175,162,155,163,222,,,,,,,,,
1521,30.42,200,170,180,148,143,210,177,,,,,,,,,
1522,30.44,176,175,193,171,160,166,198,,,,,,,,,
1523,30.46,175,196,177,165,168,175,213,,,,,,,,,
1524,30.48,219,169,193,140,181,164,199,,,,,,,,,
1525,30.5,196,172,176,158,186,164,197,,,,,,,,,
1526,30.52,177,170,170,164,166,180,201,,,,,,,,,
1527,30.54,169,182,169,152,187,160,203,,,,,,,,,
1528,30.56,195,173,159,144,155,180,187,,,,,,,,,
1529,30.58,189,156,178,162,154,182,181,,,,,,,,,
1530,30.6,215,186,175,152,163,154,165,,,,,,,,,
1531,30.62,187,166,167,164,188,173,197,,,,,,,,,
1532,30.64,183,179,185,136,149,175,172,,,,,,,,,
1533,30.66,201,193,163,165,176,163,192,,,,,,,,,
1534,30.68,186,175,182,165,162,162,194,,,,,,,,,
1535,30.7,196,173,157,143,166,177,203,,,,,,,,,
1536,30.72,191,174,174,154,161,181,208,,,,,,,,,
1537,30.74,187,165,178,164,169,143,201,,,,,,,,,
1538,30.76,206,164,179,166,188,184,170,,,,,,,,,
1539,30.78,200,180,127,139,179,174,202,,,,,,,,,
1540,30.8,178,181,161,179,166,190,167,,,,,,,,,
1541,30.82,195,171,174,156,146,172,188,,,,,,,,,
1542,30.84,168,165,175,157,156,172,176,,,,,,,,,
1543,30.86,192,169,178,181,154,173,201,,,,,,,,,
1544,30.88,184,165,168,121,179,150,185,,,,,,,,,
1545,30.9,175,158,186,153,159,170,187,,,,,,,,,
1546,30.92,195,160,177,160,151,175,192,,,,,,,,,
1547,30.94,181,171,166,185,178,175,209,,,,,,,,,
1548,30.96,176,184,183,166,162,167,210,,,,,,,,,
1549,30.98,169,153,171,162,149,159,183,,,,,,,,,
1550,31,207,170,179,157,183,193,192,,,,,,,,,
1551,31.02,196,191,180,159,173,190,200,,,,,,,,,
1552,31.04,202,174,180,161,167,181,205,,,,,,,,,
1553,31.06,174,178,179,173,160,210,193,,,,,,,,,
1554,31.08,181,187,157,146,147,174,193,,,,,,,,,
1555,31.1,211,179,162,172,131,177,183,,,,,,,,,
1556,31.12,183,193,154,164,156,164,162,,,,,,,,,
1557,31.14,175,169,174,158,155,159,200,,,,,,,,,
1558,31.16,198,158,160,149,172,183,201,,,,,,,,,
1559,31.18,208,181,160,145,166,178,210,,,,,,,,,
1560,31.2,185,173,172,133,153,162,195,,,,,,,,,
1561,31.22,175,183,192,156,155,173,198,,,,,,,,,
1562,31.24,187,186,157,139,154,161,196,,,,,,,,,
1563,31.26,191,156,186,154,174,187,193,,,,,,,,,
1564,31.28,150,186,166,181,166,160,178,,,,,,,,,
1565,31.3,173,177,189,160,152,191,198,,,,,,,,,
1566,31.32,188,180,178,163,163,176,177,,,,,,,,,
1567,31.34,190,191,170,141,170,152,176,,,,,,,,,
1568,31.36,166,182,175,144,202,149,186,,,,,,,,,
1569,31.38,186,143,190,153,175,149,177,,,,,,,,,
1570,31.4,193,172,158,147,154,174,192,,,,,,,,,
1571,31.42,178,171,153,160,180,174,201,,,,,,,,,
1572,31.44,198,174,181,175,159,194,181,,,,,,,,,
1573,31.46,170,167,169,155,170,158,176,,,,,,,,,
1574,31.48,176,168,164,177,171,167,179,,,,,,,,,
1575,31.5,182,182,160,164,178,154,174,,,,,,,,,
1576,31.52,171,190,187,187,165,170,190,,,,,,,,,
1577,31.54,171,177,177,167,176,167,182,,,,,,,,,
1578,31.56,190,185,162,167,182,170,179,,,,,,,,,
1579,31.58,197,158,199,169,178,173,207,,,,,,,,,
1580,31.6,179,179,180,160,186,180,193,,,,,,,,,
1581,31.62,195,188,180,149,153,193,243,,,,,,,,,
1582,31.64,199,218,209,183,196,193,214,,,,,,,,,
1583,31.66,215,182,186,186,196,202,207,,,,,,,,,
1584,31.68,203,194,209,200,212,220,219,,,,,,,,,
1585,31.7,242,246,214,186,199,180,275,,,,,,,,,
1586,31.72,221,229,178,189,215,184,248,,,,,,,,,
1587,31.74,246,205,250,193,201,193,246,,,,,,,,,
1588,31.76,228,238,259,198,198,213,270,,,,,,,,,
1589,31.78,275,230,262,229,211,221,262,,,,,,,,,
1590,31.8,263,237,242,230,211,217,315,,,,,,,,,
1591,31.82,246,250,231,229,223,199,277,,,,,,,,,
1592,31.84,256,263,236,229,224,203,271,,,,,,,,,
1593,31.86,249,202,219,205,212,206,228,,,,,,,,,
1594,31.88,234,224,240,213,209,216,275,,,,,,,,,
1595,31.9,269,228,230,213,202,199,291,,,,,,,,,
1596,31.92,217,255,229,204,230,226,244,,,,,,,,,
1597,31.94,250,245,214,227,212,208,266,,,,,,,,,
1598,31.96,239,233,216,217,177,193,249,,,,,,,,,
1599,31.98,244,222,236,199,184,183,265,,,,,,,,,
1600,32,246,215,252,197,194,193,280,,,,,,,,,
1601,32.02,270,234,246,215,211,189,277,,,,,,,,,
1602,32.04,276,241,224,213,210,198,262,,,,,,,,,
1603,32.06,277,250,270,218,219,201,285,,,,,,,,,
1604,32.08,294,264,258,222,208,229,301,,,,,,,,,
1605,32.1,289,264,282,247,241,195,304,,,,,,,,,
1606,32.12,322,241,274,233,254,207,294,,,,,,,,,
1607,32.14,323,282,312,252,245,209,311,,,,,,,,,
1608,32.16,321,324,271,240,246,229,331,,,,,,,,,
1609,32.18,310,314,290,274,253,234,341,,,,,,,,,
1610,32.2,325,319,295,242,265,239,345,,,,,,,,,
1611,32.22,333,259,319,273,294,259,387,,,,,,,,,
1612,32.24,296,262,315,246,228,209,312,,,,,,,,,
1613,32.26,282,284,297,251,242,237,328,,,,,,,,,
1614,32.28,310,278,260,239,239,216,308,,,,,,,,,
1615,32.3,293,226,278,237,232,219,279,,,,,,,,,
1616,32.32,253,222,253,204,237,213,257,,,,,,,,,
1617,32.34,275,246,237,201,217,190,253,,,,,,,,,
1618,32.36,223,243,236,196,211,194,224,,,,,,,,,
1619,32.38,235,184,206,187,206,213,202,,,,,,,,,
1620,32.4,213,228,216,180,169,223,215,,,,,,,,,
1621,32.42,208,195,191,184,168,167,221,,,,,,,,,
1622,32.44,207,185,193,149,174,175,198,,,,,,,,,
1623,32.46,212,189,160,187,176,155,168,,,,,,,,,
1624,32.48,202,181,173,153,162,171,199,,,,,,,,,
1625,32.5,173,164,198,146,168,139,195,,,,,,,,,
1626,32.52,197,186,178,155,140,162,213,,,,,,,,,
1627,32.54,177,166,159,148,155,152,205,,,,,,,,,
1628,32.56,184,188,183,160,152,143,179,,,,,,,,,
1629,32.58,179,168,155,130,166,166,186,,,,,,,,,
1630,32.6,184,157,183,136,155,166,171,,,,,,,,,
1631,32.62,162,170,165,132,153,181,170,,,,,,,,,
1632,32.64,196,172,174,146,143,151,179,,,,,,,,,
1633,32.66,189,171,145,161,162,141,183,,,,,,,,,
1634,32.68,164,158,186,134,147,142,166,,,,,,,,,
1635,32.7,196,174,178,155,142,172,162,,,,,,,,,
1636,32.72,177,171,161,135,160,146,184,,,,,,,,,
1637,32.74,177,182,167,164,158,181,170,,,,,,,,,
1638,32.76,184,165,143,131,139,167,156,,,,,,,,,
1639,32.78,195,178,149,133,150,155,183,,,,,,,,,
1640,32.8,166,152,164,149,155,170,181,,,,,,,,,
1641,32.82,169,166,165,115,160,177,177,,,,,,,,,
1642,32.84,176,157,198,153,155,150,180,,,,,,,,,
1643,32.86,178,183,140,137,141,171,180,,,,,,,,,
1644,32.88,162,167,161,138,155,162,167,,,,,,,,,
1645,32.9,178,184,149,160,166,148,169,,,,,,,,,
1646,32.92,177,177,166,161,149,175,187,,,,,,,,,
1647,32.94,176,146,172,154,175,159,159,,,,,,,,,
1648,32.96,162,160,146,140,159,165,192,,,,,,,,,
1649,32.98,204,154,173,164,156,148,165,,,,,,,,,
1650,33,198,153,156,149,171,163,200,,,,,,,,,
1651,33.02,165,171,163,139,142,155,209,,,,,,,,,
1652,33.04,173,160,160,123,134,153,171,,,,,,,,,
1653,33.06,172,154,146,130,153,146,175,,,,,,,,,
1654,33.08,180,181,159,160,154,162,171,,,,,,,,,
1655,33.1,186,168,164,160,161,185,168,,,,,,,,,
1656,33.12,176,182,176,144,154,169,181,,,,,,,,,
1657,33.14,200,139,159,151,154,144,169,,,,,,,,,
1658,33.16,161,177,148,133,159,159,168,,,,,,,,,
1659,33.18,196,167,185,137,148,175,203,,,,,,,,,
1660,33.2,175,166,176,130,151,154,168,,,,,,,,,
1661,33.22,169,162,159,141,140,153,177,,,,,,,,,
1662,33.24,183,170,146,124,147,153,194,,,,,,,,,
1663,33.26,168,152,167,147,138,169,167,,,,,,,,,
1664,33.28,178,159,152,134,151,132,158,,,,,,,,,
1665,33.3,169,184,149,153,147,165,160,,,,,,,,,
1666,33.32,163,159,171,127,149,163,169,,,,,,,,,
1667,33.34,172,159,164,164,165,143,174,,,,,,,,,
1668,33.36,183,166,154,124,140,162,164,,,,,,,,,
1669,33.38,188,152,178,145,144,179,194,,,,,,,,,
1670,33.4,189,172,156,149,171,186,181,,,,,,,,,
1671,33.42,181,159,168,156,144,173,167,,,,,,,,,
1672,33.44,187,185,181,129,151,166,165,,,,,,,,,
1673,33.46,146,158,142,119,160,143,163,,,,,,,,,
1674,33.48,170,180,164,143,141,166,197,,,,,,,,,
1675,33.5,167,167,177,134,133,144,178,,,,,,,,,
1676,33.52,167,175,161,139,145,148,161,,,,,,,,,
1677,33.54,180,160,162,149,150,157,146,,,,,,,,,
1678,33.56,149,174,145,135,184,144,155,,,,,,,,,
1679,33.58,164,150,171,162,157,156,150,,,,,,,,,
1680,33.6,170,150,154,132,143,162,161,,,,,,,,,
1681,33.62,177,159,167,135,164,159,155,,,,,,,,,
1682,33.64,180,164,148,139,169,172,161,,,,,,,,,
1683,33.66,173,161,126,136,179,181,168,,,,,,,,,
1684,33.68,160,158,143,125,156,144,163,,,,,,,,,
1685,33.7,149,172,181,138,141,135,156,,,,,,,,,
1686,33.72,179,149,169,135,134,146,174,,,,,,,,,
1687,33.74,176,149,168,134,140,173,180,,,,,,,,,
1688,33.76,175,144,166,137,158,142,175,,,,,,,,,
1689,33.78,203,175,148,135,138,161,168,,,,,,,,,
1690,33.8,168,186,151,133,137,134,178,,,,,,,,,
1691,33.82,195,169,155,131,151,103,164,,,,,,,,,
1692,33.84,171,160,146,124,136,137,157,,,,,,,,,
1693,33.86,156,159,149,129,138,151,161,,,,,,,,,
1694,33.88,145,161,137,148,127,127,166,,,,,,,,,
1695,33.9,172,143,164,116,148,150,175,,,,,,,,,
1696,33.92,159,153,167,149,152,160,158,,,,,,,,,
1697,33.94,150,182,174,136,160,142,170,,,,,,,,,
1698,33.96,160,147,171,136,139,133,158,,,,,,,,,
1699,33.98,196,133,141,135,148,151,174,,,,,,,,,
1700,34,169,137,159,135,146,144,159,,,,,,,,,
1701,34.02,185,159,155,128,135,147,164,,,,,,,,,
1702,34.04,163,161,169,126,151,144,170,,,,,,,,,
1703,34.06,169,154,155,128,144,156,164,,,,,,,,,
1704,34.08,149,139,147,136,132,145,153,,,,,,,,,
1705,34.1,168,176,156,150,148,171,158,,,,,,,,,
1706,34.12,164,154,147,148,151,148,156,,,,,,,,,
1707,34.14,173,165,153,141,144,169,177,,,,,,,,,
1708,34.16,149,146,189,126,149,160,169,,,,,,,,,
1709,34.18,163,170,148,138,151,147,167,,,,,,,,,
1710,34.2,161,150,140,140,124,153,173,,,,,,,,,
1711,34.22,185,158,142,134,140,146,189,,,,,,,,,
1712,34.24,167,153,167,140,153,177,144,,,,,,,,,
1713,34.26,170,156,142,142,144,147,168,,,,,,,,,
1714,34.28,153,144,158,154,141,177,160,,,,,,,,,
1715,34.3,143,157,129,147,159,167,159,,,,,,,,,
1716,34.32,175,166,164,143,141,122,163,,,,,,,,,
1717,34.34,159,155,168,143,151,158,166,,,,,,,,,
1718,34.36,168,144,162,130,140,162,160,,,,,,,,,
1719,34.38,171,137,158,162,157,132,170,,,,,,,,,
1720,34.4,159,156,156,145,141,137,140,,,,,,,,,
1721,34.42,181,156,138,138,143,146,171,,,,,,,,,
1722,34.44,139,172,147,138,162,141,176,,,,,,,,,
1723,34.46,155,175,137,148,152,164,145,,,,,,,,,
1724,34.48,169,163,134,139,133,125,174,,,,,,,,,
1725,34.5,168,172,125,143,139,164,171,,,,,,,,,
1726,34.52,152,138,164,106,154,157,174,,,,,,,,,
1727,34.54,147,130,137,140,134,156,162,,,,,,,,,
1728,34.56,149,166,153,112,121,136,158,,,,,,,,,
1729,34.58,159,156,165,135,174,146,159,,,,,,,,,
1730,34.6,163,140,151,134,157,158,158,,,,,,,,,
1731,34.62,148,147,139,125,138,137,165,,,,,,,,,
1732,34.64,171,158,128,152,126,134,158,,,,,,,,,
1733,34.66,188,176,156,126,140,138,152,,,,,,,,,
1734,34.68,156,157,153,124,152,149,143,,,,,,,,,
1735,34.7,144,154,150,121,153,166,153,,,,,,,,,
1736,34.72,165,168,135,124,143,151,159,,,,,,,,,
1737,34.74,168,130,114,127,164,151,154,,,,,,,,,
1738,34.76,162,154,162,141,144,161,165,,,,,,,,,
1739,34.78,156,157,159,135,136,157,164,,,,,,,,,
1740,34.8,152,133,148,119,136,152,184,,,,,,,,,
1741,34.82,149,151,152,122,128,148,190,,,,,,,,,
1742,34.84,165,159,133,141,173,147,161,,,,,,,,,
1743,34.86,171,187,133,126,151,127,135,,,,,,,,,
1744,34.88,157,144,160,117,133,146,159,,,,,,,,,
1745,34.9,164,167,150,136,126,140,152,,,,,,,,,
1746,34.92,163,122,143,127,135,152,130,,,,,,,,,
1747,34.94,142,137,149,120,139,145,138,,,,,,,,,
1748,34.96,150,136,151,114,124,150,143,,,,,,,,,
1749,34.98,155,141,163,113,135,118,129,,,,,,,,,
1750,35,151,142,144,132,130,146,155,,,,,,,,,
1751,35.02,146,143,137,117,152,139,147,,,,,,,,,
1752,35.04,157,150,146,138,156,124,169,,,,,,,,,
1753,35.06,164,130,146,122,134,139,177,,,,,,,,,
1754,35.08,145,159,128,112,120,155,139,,,,,,,,,
1755,35.1,151,158,151,115,151,134,139,,,,,,,,,
1756,35.12,158,150,152,121,143,142,145,,,,,,,,,
1757,35.14,158,169,150,129,129,137,138,,,,,,,,,
1758,35.16,157,145,155,118,123,144,181,,,,,,,,,
1759,35.18,131,136,152,110,125,140,148,,,,,,,,,
1760,35.2,150,138,133,130,131,142,136,,,,,,,,,
1761,35.22,129,148,142,144,121,132,159,,,,,,,,,
1762,35.24,131,135,116,119,140,138,124,,,,,,,,,
1763,35.26,141,157,135,130,113,132,148,,,,,,,,,
1764,35.28,133,158,149,150,125,134,145,,,,,,,,,
1765,35.3,161,162,132,114,123,127,160,,,,,,,,,
1766,35.32,162,137,143,132,110,141,147,,,,,,,,,
1767,35.34,133,137,122,124,125,134,164,,,,,,,,,
1768,35.36,158,138,126,130,124,120,155,,,,,,,,,
1769,35.38,133,142,127,110,140,156,163,,,,,,,,,
1770,35.4,152,134,131,141,148,129,148,,,,,,,,,
1771,35.42,139,139,149,110,147,151,128,,,,,,,,,
1772,35.44,156,153,131,147,125,118,134,,,,,,,,,
1773,35.46,145,142,156,127,143,124,143,,,,,,,,,
1774,35.48,152,131,144,111,116,115,129,,,,,,,,,
1775,35.5,155,135,134,133,133,127,134,,,,,,,,,
1776,35.52,136,123,127,131,118,123,151,,,,,,,,,
1777,35.54,155,148,116,140,139,140,150,,,,,,,,,
1778,35.56,153,138,115,125,120,128,131,,,,,,,,,
1779,35.58,158,125,121,126,112,135,123,,,,,,,,,
1780,35.6,126,143,128,110,132,109,144,,,,,,,,,
1781,35.62,153,132,140,96,141,152,134,,,,,,,,,
1782,35.64,155,119,128,100,126,126,120,,,,,,,,,
1783,35.66,153,139,150,113,145,137,133,,,,,,,,,
1784,35.68,128,143,141,119,130,121,130,,,,,,,,,
1785,35.7,141,128,127,130,123,129,126,,,,,,,,,
1786,35.72,155,128,121,117,119,137,132,,,,,,,,,
1787,35.74,133,132,128,117,129,130,153,,,,,,,,,
1788,35.76,126,127,142,109,144,127,126,,,,,,,,,
1789,35.78,137,117,137,84,123,120,157,,,,,,,,,
1790,35.8,149,138,144,112,114,127,154,,,,,,,,,
1791,35.82,145,115,122,115,123,127,136,,,,,,,,,
1792,35.84,145,133,112,131,117,110,114,,,,,,,,,
1793,35.86,161,146,121,112,101,109,162,,,,,,,,,
1794,35.88,141,148,122,121,113,137,140,,,,,,,,,
1795,35.9,156,139,95,102,114,146,136,,,,,,,,,
1796,35.92,163,108,114,131,128,122,161,,,,,,,,,
1797,35.94,147,127,129,103,124,121,122,,,,,,,,,
1798,35.96,150,132,122,134,124,132,156,,,,,,,,,
1799,35.98,139,133,142,110,112,132,132,,,,,,,,,
1800,36,160,116,137,124,123,126,141,,,,,,,,,
1801,36.02,146,129,136,122,122,116,126,,,,,,,,,
1802,36.04,162,158,130,125,138,130,108,,,,,,,,,
1803,36.06,145,135,115,115,121,134,125,,,,,,,,,
1804,36.08,146,137,113,139,124,142,135,,,,,,,,,
1805,36.1,142,127,125,121,131,147,162,,,,,,,,,
1806,36.12,140,127,127,101,120,134,161,,,,,,,,,
1807,36.14,124,117,125,120,128,142,147,,,,,,,,,
1808,36.16,147,158,172,116,120,124,145,,,,,,,,,
1809,36.18,162,125,158,134,157,148,154,,,,,,,,,
1810,36.2,159,145,137,103,139,124,159,,,,,,,,,
1811,36.22,169,145,136,130,132,130,151,,,,,,,,,
1812,36.24,150,141,125,121,128,131,173,,,,,,,,,
1813,36.26,153,144,163,124,161,144,145,,,,,,,,,
1814,36.28,162,163,144,145,141,140,145,,,,,,,,,
1815,36.3,157,149,143,131,145,136,173,,,,,,,,,
1816,36.32,151,154,144,120,144,157,148,,,,,,,,,
1817,36.34,161,165,152,139,137,134,150,,,,,,,,,
1818,36.36,162,143,148,142,129,152,157,,,,,,,,,
1819,36.38,163,162,159,123,128,139,134,,,,,,,,,
1820,36.4,185,132,147,122,137,128,171,,,,,,,,,
1821,36.42,169,132,142,146,135,143,175,,,,,,,,,
1822,36.44,188,128,145,120,138,136,151,,,,,,,,,
1823,36.46,141,148,147,143,123,128,168,,,,,,,,,
1824,36.48,133,136,121,109,132,127,139,,,,,,,,,
1825,36.5,135,186,146,109,122,129,140,,,,,,,,,
1826,36.52,140,135,143,114,116,151,139,,,,,,,,,
1827,36.54,159,135,135,119,129,123,139,,,,,,,,,
1828,36.56,152,130,118,134,150,113,149,,,,,,,,,
1829,36.58,131,119,136,105,115,121,147,,,,,,,,,
1830,36.6,145,141,126,120,134,119,132,,,,,,,,,
1831,36.62,141,133,124,111,124,117,127,,,,,,,,,
1832,36.64,135,129,122,105,120,111,144,,,,,,,,,
1833,36.66,157,128,130,103,113,136,124,,,,,,,,,
1834,36.68,132,137,131,126,123,93,146,,,,,,,,,
1835,36.7,116,121,121,116,137,121,125,,,,,,,,,
1836,36.72,154,116,122,109,124,103,133,,,,,,,,,
1837,36.74,144,112,134,108,121,118,125,,,,,,,,,
1838,36.76,132,129,122,106,123,119,136,,,,,,,,,
1839,36.78,119,127,105,101,111,129,109,,,,,,,,,
1840,36.8,126,108,109,128,115,128,144,,,,,,,,,
1841,36.82,158,128,119,99,118,114,127,,,,,,,,,
1842,36.84,147,121,126,92,121,114,128,,,,,,,,,
1843,36.86,128,127,134,101,129,125,134,,,,,,,,,
1844,36.88,144,126,108,109,102,142,127,,,,,,,,,
1845,36.9,133,121,142,115,100,116,126,,,,,,,,,
1846,36.92,131,137,126,113,101,131,124,,,,,,,,,
1847,36.94,107,141,103,79,112,113,123,,,,,,,,,
1848,36.96,129,129,94,102,115,134,128,,,,,,,,,
1849,36.98,127,120,126,117,113,110,109,,,,,,,,,
1850,37,122,124,136,96,124,115,128,,,,,,,,,
1851,37.02,122,131,117,96,112,128,121,,,,,,,,,
1852,37.04,120,142,122,91,106,112,118,,,,,,,,,
1853,37.06,120,122,124,113,110,118,129,,,,,,,,,
1854,37.08,109,119,127,119,105,117,113,,,,,,,,,
1855,37.1,124,101,118,105,100,119,141,,,,,,,,,
1856,37.12,108,116,96,111,117,102,138,,,,,,,,,
1857,37.14,137,117,111,96,100,106,135,,,,,,,,,
1858,37.16,125,137,131,103,116,106,128,,,,,,,,,
1859,37.18,127,120,120,92,117,108,113,,,,,,,,,
1860,37.2,143,124,120,102,117,116,128,,,,,,,,,
1861,37.22,151,130,122,108,134,108,131,,,,,,,,,
1862,37.24,123,130,108,104,119,120,123,,,,,,,,,
1863,37.26,109,141,127,99,115,123,152,,,,,,,,,
1864,37.28,135,121,119,90,119,120,129,,,,,,,,,
1865,37.3,134,124,109,98,99,101,109,,,,,,,,,
1866,37.32,150,129,122,97,124,104,105,,,,,,,,,
1867,37.34,117,118,131,117,102,124,108,,,,,,,,,
1868,37.36,150,149,125,92,90,107,124,,,,,,,,,
1869,37.38,156,104,115,99,125,120,113,,,,,,,,,
1870,37.4,135,114,121,85,110,118,140,,,,,,,,,
1871,37.42,143,89,102,116,94,99,117,,,,,,,,,
1872,37.44,122,126,97,108,97,115,124,,,,,,,,,
1873,37.46,122,118,117,95,106,105,106,,,,,,,,,
1874,37.48,132,113,132,117,113,103,89,,,,,,,,,
1875,37.5,137,98,101,90,122,92,121,,,,,,,,,
1876,37.52,128,105,132,91,109,115,134,,,,,,,,,
1877,37.54,129,112,115,114,94,86,132,,,,,,,,,
1878,37.56,132,130,105,110,101,105,95,,,,,,,,,
1879,37.58,115,113,105,104,115,111,131,,,,,,,,,
1880,37.6,116,100,100,102,90,113,113,,,,,,,,,
1881,37.62,108,110,105,96,85,99,95,,,,,,,,,
1882,37.64,123,110,112,105,106,99,102,,,,,,,,,
1883,37.66,115,123,92,97,101,117,126,,,,,,,,,
1884,37.68,127,120,110,93,100,101,109,,,,,,,,,
1885,37.7,125,112,114,81,95,95,95,,,,,,,,,
1886,37.72,91,90,106,87,100,100,109,,,,,,,,,
1887,37.74,122,107,101,98,102,90,111,,,,,,,,,
1888,37.76,115,109,113,82,107,100,115,,,,,,,,,
1889,37.78,120,100,100,91,93,108,125,,,,,,,,,
1890,37.8,120,110,117,99,103,101,112,,,,,,,,,
1891,37.82,123,114,92,78,95,107,116,,,,,,,,,
1892,37.84,135,111,98,91,100,103,83,,,,,,,,,
1893,37.86,100,102,86,97,117,106,126,,,,,,,,,
1894,37.88,114,121,112,75,94,71,130,,,,,,,,,
1895,37.9,129,120,109,89,110,77,112,,,,,,,,,
1896,37.92,114,121,114,86,118,96,119,,,,,,,,,
1897,37.94,119,133,125,96,90,101,109,,,,,,,,,
1898,37.96,116,89,97,97,90,90,128,,,,,,,,,
1899,37.98,129,115,98,88,89,107,112,,,,,,,,,
1900,38,120,117,105,91,90,101,98,,,,,,,,,
1901,38.02,136,99,107,76,112,107,96,,,,,,,,,
1902,38.04,115,112,86,88,92,103,103,,,,,,,,,
1903,38.06,111,95,104,98,103,107,87,,,,,,,,,
1904,38.08,121,98,108,87,95,99,126,,,,,,,,,
1905,38.1,109,117,105,89,97,103,107,,,,,,,,,
1906,38.12,114,99,106,81,91,98,101,,,,,,,,,
1907,38.14,105,109,107,88,101,106,88,,,,,,,,,
1908,38.16,119,121,93,86,105,99,94,,,,,,,,,
1909,38.18,118,91,100,86,86,103,116,,,,,,,,,
1910,38.2,111,93,81,97,103,107,113,,,,,,,,,
1911,38.22,116,72,97,88,107,85,106,,,,,,,,,
1912,38.24,105,95,92,100,85,114,98,,,,,,,,,
1913,38.26,113,95,97,79,88,86,100,,,,,,,,,
1914,38.28,128,126,94,92,115,120,99,,,,,,,,,
1915,38.3,91,103,95,95,115,113,107,,,,,,,,,
1916,38.32,92,89,90,82,108,101,119,,,,,,,,,
1917,38.34,108,105,93,94,86,92,97,,,,,,,,,
1918,38.36,87,101,107,99,101,82,89,,,,,,,,,
1919,38.38,121,102,103,90,83,99,94,,,,,,,,,
1920,38.4,114,96,103,65,92,92,96,,,,,,,,,
1921,38.42,99,101,103,103,92,106,89,,,,,,,,,
1922,38.44,104,92,102,72,88,89,120,,,,,,,,,
1923,38.46,104,96,88,98,90,111,109,,,,,,,,,
1924,38.48,111,104,115,75,103,99,99,,,,,,,,,
1925,38.5,99,124,93,69,102,83,110,,,,,,,,,
1926,38.52,112,90,80,84,96,90,113,,,,,,,,,
1927,38.54,105,90,116,66,78,103,93,,,,,,,,,
1928,38.56,76,104,101,94,89,94,92,,,,,,,,,
1929,38.58,99,91,113,87,100,74,102,,,,,,,,,
1930,38.6,90,102,95,88,96,119,91,,,,,,,,,
1931,38.62,104,99,66,83,88,96,97,,,,,,,,,
1932,38.64,115,111,71,78,91,108,100,,,,,,,,,
1933,38.66,90,99,88,91,84,78,79,,,,,,,,,
1934,38.68,97,97,90,78,88,88,106,,,,,,,,,
1935,38.7,94,98,93,92,90,88,95,,,,,,,,,
1936,38.72,109,92,88,84,92,107,92,,,,,,,,,
1937,38.74,98,108,83,95,98,94,112,,,,,,,,,
1938,38.76,97,98,82,73,86,88,90,,,,,,,,,
1939,38.78,87,94,79,75,73,86,91,,,,,,,,,
1940,38.8,99,97,106,87,90,101,102,,,,,,,,,
1941,38.82,104,107,89,79,98,100,99,,,,,,,,,
1942,38.84,108,90,81,95,105,77,97,,,,,,,,,
1943,38.86,83,108,94,76,87,70,94,,,,,,,,,
1944,38.88,84,106,106,66,101,91,88,,,,,,,,,
1945,38.9,93,88,73,85,89,111,88,,,,,,,,,
1946,38.92,99,113,99,70,84,75,82,,,,,,,,,
1947,38.94,107,99,68,86,85,93,90,,,,,,,,,
1948,38.96,90,80,81,88,88,84,100,,,,,,,,,
1949,38.98,107,98,90,81,83,98,104,,,,,,,,,
1950,39,89,92,83,92,74,100,86,,,,,,,,,
1951,39.02,106,96,105,68,82,81,90,,,,,,,,,
1952,39.04,97,109,91,76,83,72,92,,,,,,,,,
1953,39.06,91,102,100,92,85,113,94,,,,,,,,,
1954,39.08,89,90,94,74,67,87,78,,,,,,,,,
1955,39.1,114,96,83,77,78,92,101,,,,,,,,,
1956,39.12,95,87,106,53,93,81,94,,,,,,,,,
1957,39.14,73,89,80,75,73,67,80,,,,,,,,,
1958,39.16,98,85,78,81,86,81,91,,,,,,,,,
1959,39.18,99,75,85,90,80,89,97,,,,,,,,,
1960,39.2,107,102,94,82,53,83,111,,,,,,,,,
1961,39.22,105,81,78,101,82,75,97,,,,,,,,,
1962,39.24,87,95,99,83,72,75,84,,,,,,,,,
1963,39.26,94,94,76,79,91,100,77,,,,,,,,,
1964,39.28,72,96,88,69,100,109,96,,,,,,,,,
1965,39.3,107,80,99,78,76,67,91,,,,,,,,,
1966,39.32,88,93,81,71,100,93,86,,,,,,,,,
1967,39.34,84,77,78,72,79,84,81,,,,,,,,,
1968,39.36,98,87,98,72,81,74,86,,,,,,,,,
1969,39.38,94,82,91,90,94,64,85,,,,,,,,,
1970,39.4,89,94,69,89,78,83,94,,,,,,,,,
1971,39.42,93,91,89,72,71,71,83,,,,,,,,,
1972,39.44,81,91,103,84,83,63,78,,,,,,,,,
1973,39.46,84,73,77,86,70,75,75,,,,,,,,,
1974,39.48,82,96,88,79,79,60,108,,,,,,,,,
1975,39.5,101,80,83,68,72,63,72,,,,,,,,,
1976,39.52,74,84,72,64,70,84,84,,,,,,,,,
1977,39.54,96,81,67,51,61,78,74,,,,,,,,,
1978,39.56,91,64,68,71,57,77,90,,,,,,,,,
1979,39.58,79,72,89,70,83,69,69,,,,,,,,,
1980,39.6,86,90,73,61,89,71,74,,,,,,,,,
1981,39.62,90,90,81,64,73,71,84,,,,,,,,,
1982,39.64,75,84,83,62,75,73,88,,,,,,,,,
1983,39.66,64,74,82,75,90,63,62,,,,,,,,,
1984,39.68,83,67,61,81,75,71,86,,,,,,,,,
1985,39.7,80,89,54,62,77,64,82,,,,,,,,,
1986,39.72,82,72,91,57,69,72,88,,,,,,,,,
1987,39.74,89,84,85,61,85,57,58,,,,,,,,,
1988,39.76,89,85,88,72,87,81,78,,,,,,,,,
1989,39.78,100,66,82,63,77,73,57,,,,,,,,,
1990,39.8,73,86,77,76,64,67,84,,,,,,,,,
1991,39.82,76,84,75,56,82,73,75,,,,,,,,,
1992,39.84,90,86,64,95,69,63,75,,,,,,,,,
1993,39.86,68,80,88,55,68,72,81,,,,,,,,,
1994,39.88,84,65,78,62,43,72,87,,,,,,,,,
1995,39.9,68,70,76,49,65,68,74,,,,,,,,,
1996,39.92,93,85,70,65,63,68,75,,,,,,,,,
1997,39.94,90,67,73,75,64,66,67,,,,,,,,,
1998,39.96,84,76,76,82,78,60,81,,,,,,,,,
1999,39.98,80,71,103,71,74,67,78,,,,,,,,,
2000,40,89,84,87,69,68,63,68,,,,,,,,,
2001,40.02,75,88,79,73,65,70,51,,,,,,,,,
2002,40.04,85,93,79,87,73,71,69,,,,,,,,,
2003,40.06,72,78,71,49,87,63,77,,,,,,,,,
2004,40.08,68,66,63,53,73,60,88,,,,,,,,,
2005,40.1,75,67,84,75,57,62,75,,,,,,,,,
2006,40.12,94,78,69,70,75,66,73,,,,,,,,,
2007,40.14,71,93,62,60,61,66,88,,,,,,,,,
2008,40.16,76,73,68,68,73,76,64,,,,,,,,,
2009,40.18,79,76,67,73,72,85,72,,,,,,,,,
2010,40.2,83,72,66,74,53,72,67,,,,,,,,,
2011,40.22,67,87,75,62,67,69,68,,,,,,,,,
2012,40.24,85,64,63,71,68,56,74,,,,,,,,,
2013,40.26,83,52,55,52,65,60,76,,,,,,,,,
2014,40.28,80,65,96,67,52,69,76,,,,,,,,,
2015,40.3,91,75,77,60,60,73,61,,,,,,,,,
2016,40.32,76,72,63,61,72,66,72,,,,,,,,,
2017,40.34,74,73,81,61,62,65,75,,,,,,,,,
2018,40.36,73,52,72,57,50,67,76,,,,,,,,,
2019,40.38,66,73,66,62,51,53,86,,,,,,,,,
2020,40.4,86,91,65,54,62,56,78,,,,,,,,,
2021,40.42,70,71,74,62,75,60,60,,,,,,,,,
2022,40.44,70,74,74,62,64,58,63,,,,,,,,,
2023,40.46,57,76,75,48,54,69,68,,,,,,,,,
2024,40.48,80,72,72,53,58,66,66,,,,,,,,,
2025,40.5,65,71,63,51,68,52,55,,,,,,,,,
2026,40.52,62,72,62,54,73,68,70,,,,,,,,,
2027,40.54,73,67,63,55,55,50,75,,,,,,,,,
2028,40.56,79,72,65,52,63,75,71,,,,,,,,,
2029,40.58,75,61,57,66,54,75,57,,,,,,,,,
2030,40.6,81,65,59,61,49,50,73,,,,,,,,,
2031,40.62,71,72,61,60,55,67,63,,,,,,,,,
2032,40.64,76,56,77,43,62,56,61,,,,,,,,,
2033,40.66,78,64,63,55,80,61,70,,,,,,,,,
2034,40.68,58,59,63,52,64,58,81,,,,,,,,,
2035,40.7,56,71,61,42,56,61,63,,,,,,,,,
2036,40.72,72,70,70,62,52,59,59,,,,,,,,,
2037,40.74,62,68,64,57,65,65,62,,,,,,,,,
2038,40.76,62,71,57,67,66,60,54,,,,,,,,,
2039,40.78,62,59,55,46,48,51,71,,,,,,,,,
2040,40.8,83,58,51,55,65,58,66,,,,,,,,,
2041,40.82,62,62,54,45,38,51,58,,,,,,,,,
2042,40.84,70,52,64,55,49,70,58,,,,,,,,,
2043,40.86,63,54,49,58,57,66,57,,,,,,,,,
2044,40.88,72,60,43,61,51,62,58,,,,,,,,,
2045,40.9,71,68,55,80,67,48,55,,,,,,,,,
2046,40.92,66,50,56,52,51,53,66,,,,,,,,,
2047,40.94,72,63,58,46,46,52,56,,,,,,,,,
